Workbook

Sheet Заказы
A1: Дата заказа: | B1: 46287 | C1: ← введите дату вручную, она подставится во все накладные
A2: Десерт/точка | B2: Арена Урбо | C2: Карсити | D2: Ашимова | E2: Гагарина | F2: Алапарк | G2: Аксай | H2: Сайран | I2: Арена Эксперт | J2: Навои | K2: Точка 10 | L2: Точка 11 | M2: Точка 12 | N2: Точка 13 | O2: Точка 14 | P2: Точка 15 | Q2: Точка 16 | R2: Точка 17 | S2: Точка 18 | T2: Точка 19 | U2: Точка 20 | V2: Точка 21 | W2: Точка 22 | X2: Точка 23 | Y2: Точка 24
A3: Вупи пай | B3: 6 | C3: 3 | F3: 6 | G3: 4 | J3: 2
A4: Фисташковый рулет | B4: 5 | D4: 2 | E4: 1 | F4: 6 | G4: 5
A5: Молочная девочка
A6: Медовик | B6: 6
A7: Испанский чизкейк
A8: Казакша чизкейк
A9: Картошка
A10: Шоколадный брауни
A11: Мини брауни
A12: Кукис Фисташка
A13: Кукис Брауни
A14: Кукис Красный Бархат
A15: Кукис Классика
A16: Брауни комплимент
A17: Тарт Клубника | B17: 1
A18: Тарт Малина
A19: Тарт Баноффи
A20: Круассан классика
A21: Круассан миндальный
A22: Круассан Фисташка
A23: Круассан с сыром
A24: Круассан со сгущенкой
A25: Круассан с шоколадом
A26: Круассан для сэндвичей
A27: Мак булочка
A28: Сырники
A29: Гранола
A31: Вводите только количество в ячейки. Пусто = заказа нет. Цены и итоги считаются автоматически.

Sheet Каталог
A1: Наименование | B1: Ед. | C1: Цена | D1: Примечание
A2: Вупи пай | B2: Шт | C2: 690
A3: Фисташковый рулет | B3: Шт | C3: 890
A4: Молочная девочка | B4: Шт | C4: 590
A5: Медовик | B5: Шт | C5: 590
A6: Испанский чизкейк | B6: Шт | C6: 690
A7: Казакша чизкейк | B7: Шт | C7: 790
A8: Картошка | B8: Шт | C8: 590
A9: Шоколадный брауни | B9: Шт | C9: 750
A10: Мини брауни | B10: Шт | C10: 890
A11: Кукис Фисташка | B11: Шт | C11: 500
A12: Кукис Брауни | B12: Шт | C12: 500
A13: Кукис Красный Бархат | B13: Шт | C13: 500
A14: Кукис Классика | B14: Шт | C14: 500
A15: Брауни комплимент | B15: Порция | D15: Цена не указана
A16: Тарт Клубника | B16: Шт | C16: 400
A17: Тарт Малина | B17: Шт | C17: 400
A18: Тарт Баноффи | B18: Шт | C18: 400
A19: Круассан классика | B19: Шт | C19: 590
A20: Круассан миндальный | B20: Шт | C20: 920
A21: Круассан Фисташка | B21: Шт | C21: 850
A22: Круассан с сыром | B22: Шт | C22: 890
A23: Круассан со сгущенкой | B23: Шт | C23: 650
A24: Круассан с шоколадом | B24: Шт | C24: 650
A25: Круассан для сэндвичей | B25: Шт | C25: 590
A26: Мак булочка | B26: Шт | C26: 200
A27: Сырники | B27: Коробка | C27: 16000 | D27: 50 шт в коробке
A28: Гранола | B28: Упаковка | C28: 2000 | D28: 250 гр в упаковке

Sheet Итоги
A1: Кофейня | B1: Количество позиций | C1: Общая сумма
A2: Арена Урбо | B2: =COUNTIF(Заказы!$B$3:$B$29,">0") -> 4 | C2: =SUMPRODUCT(Заказы!$B$3:$B$29,Каталог!$C$2:$C$28) -> 12530
A3: Карсити | B3: =COUNTIF(Заказы!$C$3:$C$29,">0") -> 1 | C3: =SUMPRODUCT(Заказы!$C$3:$C$29,Каталог!$C$2:$C$28) -> 2070
A4: Ашимова | B4: =COUNTIF(Заказы!$D$3:$D$29,">0") -> 1 | C4: =SUMPRODUCT(Заказы!$D$3:$D$29,Каталог!$C$2:$C$28) -> 1780
A5: Гагарина | B5: =COUNTIF(Заказы!$E$3:$E$29,">0") -> 1 | C5: =SUMPRODUCT(Заказы!$E$3:$E$29,Каталог!$C$2:$C$28) -> 890
A6: Алапарк | B6: =COUNTIF(Заказы!$F$3:$F$29,">0") -> 2 | C6: =SUMPRODUCT(Заказы!$F$3:$F$29,Каталог!$C$2:$C$28) -> 9480
A7: Аксай | B7: =COUNTIF(Заказы!$G$3:$G$29,">0") -> 2 | C7: =SUMPRODUCT(Заказы!$G$3:$G$29,Каталог!$C$2:$C$28) -> 7210
A8: Сайран | B8: =COUNTIF(Заказы!$H$3:$H$29,">0") -> 0 | C8: =SUMPRODUCT(Заказы!$H$3:$H$29,Каталог!$C$2:$C$28) -> 0
A9: Арена Эксперт | B9: =COUNTIF(Заказы!$I$3:$I$29,">0") -> 0 | C9: =SUMPRODUCT(Заказы!$I$3:$I$29,Каталог!$C$2:$C$28) -> 0
A10: Навои | B10: =COUNTIF(Заказы!$J$3:$J$29,">0") -> 1 | C10: =SUMPRODUCT(Заказы!$J$3:$J$29,Каталог!$C$2:$C$28) -> 1380
A11: Точка 10 | B11: =COUNTIF(Заказы!$K$3:$K$29,">0") -> 0 | C11: =SUMPRODUCT(Заказы!$K$3:$K$29,Каталог!$C$2:$C$28) -> 0
A12: Точка 11 | B12: =COUNTIF(Заказы!$L$3:$L$29,">0") -> 0 | C12: =SUMPRODUCT(Заказы!$L$3:$L$29,Каталог!$C$2:$C$28) -> 0
A13: Точка 12 | B13: =COUNTIF(Заказы!$M$3:$M$29,">0") -> 0 | C13: =SUMPRODUCT(Заказы!$M$3:$M$29,Каталог!$C$2:$C$28) -> 0
A14: Точка 13 | B14: =COUNTIF(Заказы!$N$3:$N$29,">0") -> 0 | C14: =SUMPRODUCT(Заказы!$N$3:$N$29,Каталог!$C$2:$C$28) -> 0
A15: Точка 14 | B15: =COUNTIF(Заказы!$O$3:$O$29,">0") -> 0 | C15: =SUMPRODUCT(Заказы!$O$3:$O$29,Каталог!$C$2:$C$28) -> 0
A16: Точка 15 | B16: =COUNTIF(Заказы!$P$3:$P$29,">0") -> 0 | C16: =SUMPRODUCT(Заказы!$P$3:$P$29,Каталог!$C$2:$C$28) -> 0
A17: Точка 16 | B17: =COUNTIF(Заказы!$Q$3:$Q$29,">0") -> 0 | C17: =SUMPRODUCT(Заказы!$Q$3:$Q$29,Каталог!$C$2:$C$28) -> 0
A18: Точка 17 | B18: =COUNTIF(Заказы!$R$3:$R$29,">0") -> 0 | C18: =SUMPRODUCT(Заказы!$R$3:$R$29,Каталог!$C$2:$C$28) -> 0
A19: Точка 18 | B19: =COUNTIF(Заказы!$S$3:$S$29,">0") -> 0 | C19: =SUMPRODUCT(Заказы!$S$3:$S$29,Каталог!$C$2:$C$28) -> 0
A20: Точка 19 | B20: =COUNTIF(Заказы!$T$3:$T$29,">0") -> 0 | C20: =SUMPRODUCT(Заказы!$T$3:$T$29,Каталог!$C$2:$C$28) -> 0
A21: Точка 20 | B21: =COUNTIF(Заказы!$U$3:$U$29,">0") -> 0 | C21: =SUMPRODUCT(Заказы!$U$3:$U$29,Каталог!$C$2:$C$28) -> 0
A22: Точка 21 | B22: =COUNTIF(Заказы!$V$3:$V$29,">0") -> 0 | C22: =SUMPRODUCT(Заказы!$V$3:$V$29,Каталог!$C$2:$C$28) -> 0
A23: Точка 22 | B23: =COUNTIF(Заказы!$W$3:$W$29,">0") -> 0 | C23: =SUMPRODUCT(Заказы!$W$3:$W$29,Каталог!$C$2:$C$28) -> 0
A24: Точка 23 | B24: =COUNTIF(Заказы!$X$3:$X$29,">0") -> 0 | C24: =SUMPRODUCT(Заказы!$X$3:$X$29,Каталог!$C$2:$C$28) -> 0
A25: Точка 24 | B25: =COUNTIF(Заказы!$Y$3:$Y$29,">0") -> 0 | C25: =SUMPRODUCT(Заказы!$Y$3:$Y$29,Каталог!$C$2:$C$28) -> 0
A26: ИТОГО | B26: =SUM(B2:B25) -> 12 | C26: =SUM(C2:C25) -> 35340
A29: Товар | B29: Кол-во заказано | C29: Сумма
A30: =Заказы!$A$3 -> Вупи пай | B30: =SUM(Заказы!$B$3:$Y$3) -> 21 | C30: =B30*Каталог!$C$2 -> 14490
A31: =Заказы!$A$4 -> Фисташковый рулет | B31: =SUM(Заказы!$B$4:$Y$4) -> 19 | C31: =B31*Каталог!$C$3 -> 16910
A32: =Заказы!$A$5 -> Молочная девочка | B32: =SUM(Заказы!$B$5:$Y$5) -> 0 | C32: =B32*Каталог!$C$4 -> 0
A33: =Заказы!$A$6 -> Медовик | B33: =SUM(Заказы!$B$6:$Y$6) -> 6 | C33: =B33*Каталог!$C$5 -> 3540
A34: =Заказы!$A$7 -> Испанский чизкейк | B34: =SUM(Заказы!$B$7:$Y$7) -> 0 | C34: =B34*Каталог!$C$6 -> 0
A35: =Заказы!$A$8 -> Казакша чизкейк | B35: =SUM(Заказы!$B$8:$Y$8) -> 0 | C35: =B35*Каталог!$C$7 -> 0
A36: =Заказы!$A$9 -> Картошка | B36: =SUM(Заказы!$B$9:$Y$9) -> 0 | C36: =B36*Каталог!$C$8 -> 0
A37: =Заказы!$A$10 -> Шоколадный брауни | B37: =SUM(Заказы!$B$10:$Y$10) -> 0 | C37: =B37*Каталог!$C$9 -> 0
A38: =Заказы!$A$11 -> Мини брауни | B38: =SUM(Заказы!$B$11:$Y$11) -> 0 | C38: =B38*Каталог!$C$10 -> 0
A39: =Заказы!$A$12 -> Кукис Фисташка | B39: =SUM(Заказы!$B$12:$Y$12) -> 0 | C39: =B39*Каталог!$C$11 -> 0
A40: =Заказы!$A$13 -> Кукис Брауни | B40: =SUM(Заказы!$B$13:$Y$13) -> 0 | C40: =B40*Каталог!$C$12 -> 0
A41: =Заказы!$A$14 -> Кукис Красный Бархат | B41: =SUM(Заказы!$B$14:$Y$14) -> 0 | C41: =B41*Каталог!$C$13 -> 0
A42: =Заказы!$A$15 -> Кукис Классика | B42: =SUM(Заказы!$B$15:$Y$15) -> 0 | C42: =B42*Каталог!$C$14 -> 0
A43: =Заказы!$A$16 -> Брауни комплимент | B43: =SUM(Заказы!$B$16:$Y$16) -> 0 | C43: =B43*Каталог!$C$15 -> 0
A44: =Заказы!$A$17 -> Тарт Клубника | B44: =SUM(Заказы!$B$17:$Y$17) -> 1 | C44: =B44*Каталог!$C$16 -> 400
A45: =Заказы!$A$18 -> Тарт Малина | B45: =SUM(Заказы!$B$18:$Y$18) -> 0 | C45: =B45*Каталог!$C$17 -> 0
A46: =Заказы!$A$19 -> Тарт Баноффи | B46: =SUM(Заказы!$B$19:$Y$19) -> 0 | C46: =B46*Каталог!$C$18 -> 0
A47: =Заказы!$A$20 -> Круассан классика | B47: =SUM(Заказы!$B$20:$Y$20) -> 0 | C47: =B47*Каталог!$C$19 -> 0
A48: =Заказы!$A$21 -> Круассан миндальный | B48: =SUM(Заказы!$B$21:$Y$21) -> 0 | C48: =B48*Каталог!$C$20 -> 0
A49: =Заказы!$A$22 -> Круассан Фисташка | B49: =SUM(Заказы!$B$22:$Y$22) -> 0 | C49: =B49*Каталог!$C$21 -> 0
A50: =Заказы!$A$23 -> Круассан с сыром | B50: =SUM(Заказы!$B$23:$Y$23) -> 0 | C50: =B50*Каталог!$C$22 -> 0
A51: =Заказы!$A$24 -> Круассан со сгущенкой | B51: =SUM(Заказы!$B$24:$Y$24) -> 0 | C51: =B51*Каталог!$C$23 -> 0
A52: =Заказы!$A$25 -> Круассан с шоколадом | B52: =SUM(Заказы!$B$25:$Y$25) -> 0 | C52: =B52*Каталог!$C$24 -> 0
A53: =Заказы!$A$26 -> Круассан для сэндвичей | B53: =SUM(Заказы!$B$26:$Y$26) -> 0 | C53: =B53*Каталог!$C$25 -> 0
A54: =Заказы!$A$27 -> Мак булочка | B54: =SUM(Заказы!$B$27:$Y$27) -> 0 | C54: =B54*Каталог!$C$26 -> 0
A55: =Заказы!$A$28 -> Сырники | B55: =SUM(Заказы!$B$28:$Y$28) -> 0 | C55: =B55*Каталог!$C$27 -> 0
A56: =Заказы!$A$29 -> Гранола | B56: =SUM(Заказы!$B$29:$Y$29) -> 0 | C56: =B56*Каталог!$C$28 -> 0
A57: ИТОГО | B57: =SUM(B30:B56) -> 47 | C57: =SUM(C30:C56) -> 35340

Sheet Накладные
A2: =IF(COUNTIF(Заказы!$B$3:$B$29,">0")=0,"","НАКЛАДНАЯ") -> НАКЛАДНАЯ | H2: =IF(COUNTIF(Заказы!$C$3:$C$29,">0")=0,"","НАКЛАДНАЯ") -> НАКЛАДНАЯ
A3: =IF(COUNTIF(Заказы!$B$3:$B$29,">0")=0,"","Отправитель: Brown кондитерский цех") -> Отправитель: Brown кондитерский цех | H3: =IF(COUNTIF(Заказы!$C$3:$C$29,">0")=0,"","Отправитель: Brown кондитерский цех") -> Отправитель: Brown кондитерский цех
A4: =IF(COUNTIF(Заказы!$B$3:$B$29,">0")=0,"","Получатель: "&Заказы!B$2) -> Получатель: Арена Урбо | H4: =IF(COUNTIF(Заказы!$C$3:$C$29,">0")=0,"","Получатель: "&Заказы!C$2) -> Получатель: Карсити
A5: =IF(COUNTIF(Заказы!$B$3:$B$29,">0")=0,"","Накладная от: "&TEXT(Заказы!$B$1,"dd.mm.yyyy")) -> Накладная от: 22.09.2026 | H5: =IF(COUNTIF(Заказы!$C$3:$C$29,">0")=0,"","Накладная от: "&TEXT(Заказы!$B$1,"dd.mm.yyyy")) -> Накладная от: 22.09.2026
A7: =IF(COUNTIF(Заказы!$B$3:$B$29,">0")=0,"","№") -> № | B7: =IF(COUNTIF(Заказы!$B$3:$B$29,">0")=0,"","Наименование") -> Наименование | C7: =IF(COUNTIF(Заказы!$B$3:$B$29,">0")=0,"","Кол.") -> Кол. | D7: =IF(COUNTIF(Заказы!$B$3:$B$29,">0")=0,"","Ед.") -> Ед. | E7: =IF(COUNTIF(Заказы!$B$3:$B$29,">0")=0,"","Цена") -> Цена | F7: =IF(COUNTIF(Заказы!$B$3:$B$29,">0")=0,"","Сумма") -> Сумма | H7: =IF(COUNTIF(Заказы!$C$3:$C$29,">0")=0,"","№") -> № | I7: =IF(COUNTIF(Заказы!$C$3:$C$29,">0")=0,"","Наименование") -> Наименование | J7: =IF(COUNTIF(Заказы!$C$3:$C$29,">0")=0,"","Кол.") -> Кол. | K7: =IF(COUNTIF(Заказы!$C$3:$C$29,">0")=0,"","Ед.") -> Ед. | L7: =IF(COUNTIF(Заказы!$C$3:$C$29,">0")=0,"","Цена") -> Цена | M7: =IF(COUNTIF(Заказы!$C$3:$C$29,">0")=0,"","Сумма") -> Сумма
A8: =IF(B8="","",1) -> 1 | B8: {=IFERROR(INDEX(Заказы!$A$3:$A$29,SMALL(IF(Заказы!$B$3:$B$29>0,ROW(Заказы!$B$3:$B$29)-ROW(B$3)+1),1)),"")} -> Вупи пай | C8: =IF(B8="","",INDEX(Заказы!$B$3:$B$29,MATCH(B8,Заказы!$A$3:$A$29,0))) -> 6 | D8: =IF(B8="","",VLOOKUP(B8,Каталог!$A:$C,2,0)) -> Шт | E8: =IF(B8="","",VLOOKUP(B8,Каталог!$A:$C,3,0)) -> 690 | F8: =IF(B8="","",C8*E8) -> 4140 | H8: =IF(I8="","",1) -> 1 | I8: {=IFERROR(INDEX(Заказы!$A$3:$A$29,SMALL(IF(Заказы!$C$3:$C$29>0,ROW(Заказы!$C$3:$C$29)-ROW(C$3)+1),1)),"")} -> Вупи пай | J8: =IF(I8="","",INDEX(Заказы!$C$3:$C$29,MATCH(I8,Заказы!$A$3:$A$29,0))) -> 3 | K8: =IF(I8="","",VLOOKUP(I8,Каталог!$A:$C,2,0)) -> Шт | L8: =IF(I8="","",VLOOKUP(I8,Каталог!$A:$C,3,0)) -> 690 | M8: =IF(I8="","",J8*L8) -> 2070
A9: =IF(B9="","",2) -> 2 | B9: {=IFERROR(INDEX(Заказы!$A$3:$A$29,SMALL(IF(Заказы!$B$3:$B$29>0,ROW(Заказы!$B$3:$B$29)-ROW(B$3)+1),2)),"")} -> Фисташковый рулет | C9: =IF(B9="","",INDEX(Заказы!$B$3:$B$29,MATCH(B9,Заказы!$A$3:$A$29,0))) -> 5 | D9: =IF(B9="","",VLOOKUP(B9,Каталог!$A:$C,2,0)) -> Шт | E9: =IF(B9="","",VLOOKUP(B9,Каталог!$A:$C,3,0)) -> 890 | F9: =IF(B9="","",C9*E9) -> 4450 | H9: =IF(I9="","",2) | I9: {=IFERROR(INDEX(Заказы!$A$3:$A$29,SMALL(IF(Заказы!$C$3:$C$29>0,ROW(Заказы!$C$3:$C$29)-ROW(C$3)+1),2)),"")} | J9: =IF(I9="","",INDEX(Заказы!$C$3:$C$29,MATCH(I9,Заказы!$A$3:$A$29,0))) | K9: =IF(I9="","",VLOOKUP(I9,Каталог!$A:$C,2,0)) | L9: =IF(I9="","",VLOOKUP(I9,Каталог!$A:$C,3,0)) | M9: =IF(I9="","",J9*L9)
A10: =IF(B10="","",3) -> 3 | B10: {=IFERROR(INDEX(Заказы!$A$3:$A$29,SMALL(IF(Заказы!$B$3:$B$29>0,ROW(Заказы!$B$3:$B$29)-ROW(B$3)+1),3)),"")} -> Медовик | C10: =IF(B10="","",INDEX(Заказы!$B$3:$B$29,MATCH(B10,Заказы!$A$3:$A$29,0))) -> 6 | D10: =IF(B10="","",VLOOKUP(B10,Каталог!$A:$C,2,0)) -> Шт | E10: =IF(B10="","",VLOOKUP(B10,Каталог!$A:$C,3,0)) -> 590 | F10: =IF(B10="","",C10*E10) -> 3540 | H10: =IF(I10="","",3) | I10: {=IFERROR(INDEX(Заказы!$A$3:$A$29,SMALL(IF(Заказы!$C$3:$C$29>0,ROW(Заказы!$C$3:$C$29)-ROW(C$3)+1),3)),"")} | J10: =IF(I10="","",INDEX(Заказы!$C$3:$C$29,MATCH(I10,Заказы!$A$3:$A$29,0))) | K10: =IF(I10="","",VLOOKUP(I10,Каталог!$A:$C,2,0)) | L10: =IF(I10="","",VLOOKUP(I10,Каталог!$A:$C,3,0)) | M10: =IF(I10="","",J10*L10)
A11: =IF(B11="","",4) -> 4 | B11: {=IFERROR(INDEX(Заказы!$A$3:$A$29,SMALL(IF(Заказы!$B$3:$B$29>0,ROW(Заказы!$B$3:$B$29)-ROW(B$3)+1),4)),"")} -> Тарт Клубника | C11: =IF(B11="","",INDEX(Заказы!$B$3:$B$29,MATCH(B11,Заказы!$A$3:$A$29,0))) -> 1 | D11: =IF(B11="","",VLOOKUP(B11,Каталог!$A:$C,2,0)) -> Шт | E11: =IF(B11="","",VLOOKUP(B11,Каталог!$A:$C,3,0)) -> 400 | F11: =IF(B11="","",C11*E11) -> 400 | H11: =IF(I11="","",4) | I11: {=IFERROR(INDEX(Заказы!$A$3:$A$29,SMALL(IF(Заказы!$C$3:$C$29>0,ROW(Заказы!$C$3:$C$29)-ROW(C$3)+1),4)),"")} | J11: =IF(I11="","",INDEX(Заказы!$C$3:$C$29,MATCH(I11,Заказы!$A$3:$A$29,0))) | K11: =IF(I11="","",VLOOKUP(I11,Каталог!$A:$C,2,0)) | L11: =IF(I11="","",VLOOKUP(I11,Каталог!$A:$C,3,0)) | M11: =IF(I11="","",J11*L11)
A12: =IF(B12="","",5) | B12: {=IFERROR(INDEX(Заказы!$A$3:$A$29,SMALL(IF(Заказы!$B$3:$B$29>0,ROW(Заказы!$B$3:$B$29)-ROW(B$3)+1),5)),"")} | C12: =IF(B12="","",INDEX(Заказы!$B$3:$B$29,MATCH(B12,Заказы!$A$3:$A$29,0))) | D12: =IF(B12="","",VLOOKUP(B12,Каталог!$A:$C,2,0)) | E12: =IF(B12="","",VLOOKUP(B12,Каталог!$A:$C,3,0)) | F12: =IF(B12="","",C12*E12) | H12: =IF(I12="","",5) | I12: {=IFERROR(INDEX(Заказы!$A$3:$A$29,SMALL(IF(Заказы!$C$3:$C$29>0,ROW(Заказы!$C$3:$C$29)-ROW(C$3)+1),5)),"")} | J12: =IF(I12="","",INDEX(Заказы!$C$3:$C$29,MATCH(I12,Заказы!$A$3:$A$29,0))) | K12: =IF(I12="","",VLOOKUP(I12,Каталог!$A:$C,2,0)) | L12: =IF(I12="","",VLOOKUP(I12,Каталог!$A:$C,3,0)) | M12: =IF(I12="","",J12*L12)
A13: =IF(B13="","",6) | B13: {=IFERROR(INDEX(Заказы!$A$3:$A$29,SMALL(IF(Заказы!$B$3:$B$29>0,ROW(Заказы!$B$3:$B$29)-ROW(B$3)+1),6)),"")} | C13: =IF(B13="","",INDEX(Заказы!$B$3:$B$29,MATCH(B13,Заказы!$A$3:$A$29,0))) | D13: =IF(B13="","",VLOOKUP(B13,Каталог!$A:$C,2,0)) | E13: =IF(B13="","",VLOOKUP(B13,Каталог!$A:$C,3,0)) | F13: =IF(B13="","",C13*E13) | H13: =IF(I13="","",6) | I13: {=IFERROR(INDEX(Заказы!$A$3:$A$29,SMALL(IF(Заказы!$C$3:$C$29>0,ROW(Заказы!$C$3:$C$29)-ROW(C$3)+1),6)),"")} | J13: =IF(I13="","",INDEX(Заказы!$C$3:$C$29,MATCH(I13,Заказы!$A$3:$A$29,0))) | K13: =IF(I13="","",VLOOKUP(I13,Каталог!$A:$C,2,0)) | L13: =IF(I13="","",VLOOKUP(I13,Каталог!$A:$C,3,0)) | M13: =IF(I13="","",J13*L13)
A14: =IF(B14="","",7) | B14: {=IFERROR(INDEX(Заказы!$A$3:$A$29,SMALL(IF(Заказы!$B$3:$B$29>0,ROW(Заказы!$B$3:$B$29)-ROW(B$3)+1),7)),"")} | C14: =IF(B14="","",INDEX(Заказы!$B$3:$B$29,MATCH(B14,Заказы!$A$3:$A$29,0))) | D14: =IF(B14="","",VLOOKUP(B14,Каталог!$A:$C,2,0)) | E14: =IF(B14="","",VLOOKUP(B14,Каталог!$A:$C,3,0)) | F14: =IF(B14="","",C14*E14) | H14: =IF(I14="","",7) | I14: {=IFERROR(INDEX(Заказы!$A$3:$A$29,SMALL(IF(Заказы!$C$3:$C$29>0,ROW(Заказы!$C$3:$C$29)-ROW(C$3)+1),7)),"")} | J14: =IF(I14="","",INDEX(Заказы!$C$3:$C$29,MATCH(I14,Заказы!$A$3:$A$29,0))) | K14: =IF(I14="","",VLOOKUP(I14,Каталог!$A:$C,2,0)) | L14: =IF(I14="","",VLOOKUP(I14,Каталог!$A:$C,3,0)) | M14: =IF(I14="","",J14*L14)
A15: =IF(B15="","",8) | B15: {=IFERROR(INDEX(Заказы!$A$3:$A$29,SMALL(IF(Заказы!$B$3:$B$29>0,ROW(Заказы!$B$3:$B$29)-ROW(B$3)+1),8)),"")} | C15: =IF(B15="","",INDEX(Заказы!$B$3:$B$29,MATCH(B15,Заказы!$A$3:$A$29,0))) | D15: =IF(B15="","",VLOOKUP(B15,Каталог!$A:$C,2,0)) | E15: =IF(B15="","",VLOOKUP(B15,Каталог!$A:$C,3,0)) | F15: =IF(B15="","",C15*E15) | H15: =IF(I15="","",8) | I15: {=IFERROR(INDEX(Заказы!$A$3:$A$29,SMALL(IF(Заказы!$C$3:$C$29>0,ROW(Заказы!$C$3:$C$29)-ROW(C$3)+1),8)),"")} | J15: =IF(I15="","",INDEX(Заказы!$C$3:$C$29,MATCH(I15,Заказы!$A$3:$A$29,0))) | K15: =IF(I15="","",VLOOKUP(I15,Каталог!$A:$C,2,0)) | L15: =IF(I15="","",VLOOKUP(I15,Каталог!$A:$C,3,0)) | M15: =IF(I15="","",J15*L15)
A16: =IF(B16="","",9) | B16: {=IFERROR(INDEX(Заказы!$A$3:$A$29,SMALL(IF(Заказы!$B$3:$B$29>0,ROW(Заказы!$B$3:$B$29)-ROW(B$3)+1),9)),"")} | C16: =IF(B16="","",INDEX(Заказы!$B$3:$B$29,MATCH(B16,Заказы!$A$3:$A$29,0))) | D16: =IF(B16="","",VLOOKUP(B16,Каталог!$A:$C,2,0)) | E16: =IF(B16="","",VLOOKUP(B16,Каталог!$A:$C,3,0)) | F16: =IF(B16="","",C16*E16) | H16: =IF(I16="","",9) | I16: {=IFERROR(INDEX(Заказы!$A$3:$A$29,SMALL(IF(Заказы!$C$3:$C$29>0,ROW(Заказы!$C$3:$C$29)-ROW(C$3)+1),9)),"")} | J16: =IF(I16="","",INDEX(Заказы!$C$3:$C$29,MATCH(I16,Заказы!$A$3:$A$29,0))) | K16: =IF(I16="","",VLOOKUP(I16,Каталог!$A:$C,2,0)) | L16: =IF(I16="","",VLOOKUP(I16,Каталог!$A:$C,3,0)) | M16: =IF(I16="","",J16*L16)
A17: =IF(B17="","",10) | B17: {=IFERROR(INDEX(Заказы!$A$3:$A$29,SMALL(IF(Заказы!$B$3:$B$29>0,ROW(Заказы!$B$3:$B$29)-ROW(B$3)+1),10)),"")} | C17: =IF(B17="","",INDEX(Заказы!$B$3:$B$29,MATCH(B17,Заказы!$A$3:$A$29,0))) | D17: =IF(B17="","",VLOOKUP(B17,Каталог!$A:$C,2,0)) | E17: =IF(B17="","",VLOOKUP(B17,Каталог!$A:$C,3,0)) | F17: =IF(B17="","",C17*E17) | H17: =IF(I17="","",10) | I17: {=IFERROR(INDEX(Заказы!$A$3:$A$29,SMALL(IF(Заказы!$C$3:$C$29>0,ROW(Заказы!$C$3:$C$29)-ROW(C$3)+1),10)),"")} | J17: =IF(I17="","",INDEX(Заказы!$C$3:$C$29,MATCH(I17,Заказы!$A$3:$A$29,0))) | K17: =IF(I17="","",VLOOKUP(I17,Каталог!$A:$C,2,0)) | L17: =IF(I17="","",VLOOKUP(I17,Каталог!$A:$C,3,0)) | M17: =IF(I17="","",J17*L17)
A18: =IF(B18="","",11) | B18: {=IFERROR(INDEX(Заказы!$A$3:$A$29,SMALL(IF(Заказы!$B$3:$B$29>0,ROW(Заказы!$B$3:$B$29)-ROW(B$3)+1),11)),"")} | C18: =IF(B18="","",INDEX(Заказы!$B$3:$B$29,MATCH(B18,Заказы!$A$3:$A$29,0))) | D18: =IF(B18="","",VLOOKUP(B18,Каталог!$A:$C,2,0)) | E18: =IF(B18="","",VLOOKUP(B18,Каталог!$A:$C,3,0)) | F18: =IF(B18="","",C18*E18) | H18: =IF(I18="","",11) | I18: {=IFERROR(INDEX(Заказы!$A$3:$A$29,SMALL(IF(Заказы!$C$3:$C$29>0,ROW(Заказы!$C$3:$C$29)-ROW(C$3)+1),11)),"")} | J18: =IF(I18="","",INDEX(Заказы!$C$3:$C$29,MATCH(I18,Заказы!$A$3:$A$29,0))) | K18: =IF(I18="","",VLOOKUP(I18,Каталог!$A:$C,2,0)) | L18: =IF(I18="","",VLOOKUP(I18,Каталог!$A:$C,3,0)) | M18: =IF(I18="","",J18*L18)
A19: =IF(B19="","",12) | B19: {=IFERROR(INDEX(Заказы!$A$3:$A$29,SMALL(IF(Заказы!$B$3:$B$29>0,ROW(Заказы!$B$3:$B$29)-ROW(B$3)+1),12)),"")} | C19: =IF(B19="","",INDEX(Заказы!$B$3:$B$29,MATCH(B19,Заказы!$A$3:$A$29,0))) | D19: =IF(B19="","",VLOOKUP(B19,Каталог!$A:$C,2,0)) | E19: =IF(B19="","",VLOOKUP(B19,Каталог!$A:$C,3,0)) | F19: =IF(B19="","",C19*E19) | H19: =IF(I19="","",12) | I19: {=IFERROR(INDEX(Заказы!$A$3:$A$29,SMALL(IF(Заказы!$C$3:$C$29>0,ROW(Заказы!$C$3:$C$29)-ROW(C$3)+1),12)),"")} | J19: =IF(I19="","",INDEX(Заказы!$C$3:$C$29,MATCH(I19,Заказы!$A$3:$A$29,0))) | K19: =IF(I19="","",VLOOKUP(I19,Каталог!$A:$C,2,0)) | L19: =IF(I19="","",VLOOKUP(I19,Каталог!$A:$C,3,0)) | M19: =IF(I19="","",J19*L19)
A20: =IF(B20="","",13) | B20: {=IFERROR(INDEX(Заказы!$A$3:$A$29,SMALL(IF(Заказы!$B$3:$B$29>0,ROW(Заказы!$B$3:$B$29)-ROW(B$3)+1),13)),"")} | C20: =IF(B20="","",INDEX(Заказы!$B$3:$B$29,MATCH(B20,Заказы!$A$3:$A$29,0))) | D20: =IF(B20="","",VLOOKUP(B20,Каталог!$A:$C,2,0)) | E20: =IF(B20="","",VLOOKUP(B20,Каталог!$A:$C,3,0)) | F20: =IF(B20="","",C20*E20) | H20: =IF(I20="","",13) | I20: {=IFERROR(INDEX(Заказы!$A$3:$A$29,SMALL(IF(Заказы!$C$3:$C$29>0,ROW(Заказы!$C$3:$C$29)-ROW(C$3)+1),13)),"")} | J20: =IF(I20="","",INDEX(Заказы!$C$3:$C$29,MATCH(I20,Заказы!$A$3:$A$29,0))) | K20: =IF(I20="","",VLOOKUP(I20,Каталог!$A:$C,2,0)) | L20: =IF(I20="","",VLOOKUP(I20,Каталог!$A:$C,3,0)) | M20: =IF(I20="","",J20*L20)
A21: =IF(B21="","",14) | B21: {=IFERROR(INDEX(Заказы!$A$3:$A$29,SMALL(IF(Заказы!$B$3:$B$29>0,ROW(Заказы!$B$3:$B$29)-ROW(B$3)+1),14)),"")} | C21: =IF(B21="","",INDEX(Заказы!$B$3:$B$29,MATCH(B21,Заказы!$A$3:$A$29,0))) | D21: =IF(B21="","",VLOOKUP(B21,Каталог!$A:$C,2,0)) | E21: =IF(B21="","",VLOOKUP(B21,Каталог!$A:$C,3,0)) | F21: =IF(B21="","",C21*E21) | H21: =IF(I21="","",14) | I21: {=IFERROR(INDEX(Заказы!$A$3:$A$29,SMALL(IF(Заказы!$C$3:$C$29>0,ROW(Заказы!$C$3:$C$29)-ROW(C$3)+1),14)),"")} | J21: =IF(I21="","",INDEX(Заказы!$C$3:$C$29,MATCH(I21,Заказы!$A$3:$A$29,0))) | K21: =IF(I21="","",VLOOKUP(I21,Каталог!$A:$C,2,0)) | L21: =IF(I21="","",VLOOKUP(I21,Каталог!$A:$C,3,0)) | M21: =IF(I21="","",J21*L21)
A22: =IF(B22="","",15) | B22: {=IFERROR(INDEX(Заказы!$A$3:$A$29,SMALL(IF(Заказы!$B$3:$B$29>0,ROW(Заказы!$B$3:$B$29)-ROW(B$3)+1),15)),"")} | C22: =IF(B22="","",INDEX(Заказы!$B$3:$B$29,MATCH(B22,Заказы!$A$3:$A$29,0))) | D22: =IF(B22="","",VLOOKUP(B22,Каталог!$A:$C,2,0)) | E22: =IF(B22="","",VLOOKUP(B22,Каталог!$A:$C,3,0)) | F22: =IF(B22="","",C22*E22) | H22: =IF(I22="","",15) | I22: {=IFERROR(INDEX(Заказы!$A$3:$A$29,SMALL(IF(Заказы!$C$3:$C$29>0,ROW(Заказы!$C$3:$C$29)-ROW(C$3)+1),15)),"")} | J22: =IF(I22="","",INDEX(Заказы!$C$3:$C$29,MATCH(I22,Заказы!$A$3:$A$29,0))) | K22: =IF(I22="","",VLOOKUP(I22,Каталог!$A:$C,2,0)) | L22: =IF(I22="","",VLOOKUP(I22,Каталог!$A:$C,3,0)) | M22: =IF(I22="","",J22*L22)
A23: =IF(B23="","",16) | B23: {=IFERROR(INDEX(Заказы!$A$3:$A$29,SMALL(IF(Заказы!$B$3:$B$29>0,ROW(Заказы!$B$3:$B$29)-ROW(B$3)+1),16)),"")} | C23: =IF(B23="","",INDEX(Заказы!$B$3:$B$29,MATCH(B23,Заказы!$A$3:$A$29,0))) | D23: =IF(B23="","",VLOOKUP(B23,Каталог!$A:$C,2,0)) | E23: =IF(B23="","",VLOOKUP(B23,Каталог!$A:$C,3,0)) | F23: =IF(B23="","",C23*E23) | H23: =IF(I23="","",16) | I23: {=IFERROR(INDEX(Заказы!$A$3:$A$29,SMALL(IF(Заказы!$C$3:$C$29>0,ROW(Заказы!$C$3:$C$29)-ROW(C$3)+1),16)),"")} | J23: =IF(I23="","",INDEX(Заказы!$C$3:$C$29,MATCH(I23,Заказы!$A$3:$A$29,0))) | K23: =IF(I23="","",VLOOKUP(I23,Каталог!$A:$C,2,0)) | L23: =IF(I23="","",VLOOKUP(I23,Каталог!$A:$C,3,0)) | M23: =IF(I23="","",J23*L23)
A24: =IF(B24="","",17) | B24: {=IFERROR(INDEX(Заказы!$A$3:$A$29,SMALL(IF(Заказы!$B$3:$B$29>0,ROW(Заказы!$B$3:$B$29)-ROW(B$3)+1),17)),"")} | C24: =IF(B24="","",INDEX(Заказы!$B$3:$B$29,MATCH(B24,Заказы!$A$3:$A$29,0))) | D24: =IF(B24="","",VLOOKUP(B24,Каталог!$A:$C,2,0)) | E24: =IF(B24="","",VLOOKUP(B24,Каталог!$A:$C,3,0)) | F24: =IF(B24="","",C24*E24) | H24: =IF(I24="","",17) | I24: {=IFERROR(INDEX(Заказы!$A$3:$A$29,SMALL(IF(Заказы!$C$3:$C$29>0,ROW(Заказы!$C$3:$C$29)-ROW(C$3)+1),17)),"")} | J24: =IF(I24="","",INDEX(Заказы!$C$3:$C$29,MATCH(I24,Заказы!$A$3:$A$29,0))) | K24: =IF(I24="","",VLOOKUP(I24,Каталог!$A:$C,2,0)) | L24: =IF(I24="","",VLOOKUP(I24,Каталог!$A:$C,3,0)) | M24: =IF(I24="","",J24*L24)
A25: =IF(B25="","",18) | B25: {=IFERROR(INDEX(Заказы!$A$3:$A$29,SMALL(IF(Заказы!$B$3:$B$29>0,ROW(Заказы!$B$3:$B$29)-ROW(B$3)+1),18)),"")} | C25: =IF(B25="","",INDEX(Заказы!$B$3:$B$29,MATCH(B25,Заказы!$A$3:$A$29,0))) | D25: =IF(B25="","",VLOOKUP(B25,Каталог!$A:$C,2,0)) | E25: =IF(B25="","",VLOOKUP(B25,Каталог!$A:$C,3,0)) | F25: =IF(B25="","",C25*E25) | H25: =IF(I25="","",18) | I25: {=IFERROR(INDEX(Заказы!$A$3:$A$29,SMALL(IF(Заказы!$C$3:$C$29>0,ROW(Заказы!$C$3:$C$29)-ROW(C$3)+1),18)),"")} | J25: =IF(I25="","",INDEX(Заказы!$C$3:$C$29,MATCH(I25,Заказы!$A$3:$A$29,0))) | K25: =IF(I25="","",VLOOKUP(I25,Каталог!$A:$C,2,0)) | L25: =IF(I25="","",VLOOKUP(I25,Каталог!$A:$C,3,0)) | M25: =IF(I25="","",J25*L25)
A26: =IF(B26="","",19) | B26: {=IFERROR(INDEX(Заказы!$A$3:$A$29,SMALL(IF(Заказы!$B$3:$B$29>0,ROW(Заказы!$B$3:$B$29)-ROW(B$3)+1),19)),"")} | C26: =IF(B26="","",INDEX(Заказы!$B$3:$B$29,MATCH(B26,Заказы!$A$3:$A$29,0))) | D26: =IF(B26="","",VLOOKUP(B26,Каталог!$A:$C,2,0)) | E26: =IF(B26="","",VLOOKUP(B26,Каталог!$A:$C,3,0)) | F26: =IF(B26="","",C26*E26) | H26: =IF(I26="","",19) | I26: {=IFERROR(INDEX(Заказы!$A$3:$A$29,SMALL(IF(Заказы!$C$3:$C$29>0,ROW(Заказы!$C$3:$C$29)-ROW(C$3)+1),19)),"")} | J26: =IF(I26="","",INDEX(Заказы!$C$3:$C$29,MATCH(I26,Заказы!$A$3:$A$29,0))) | K26: =IF(I26="","",VLOOKUP(I26,Каталог!$A:$C,2,0)) | L26: =IF(I26="","",VLOOKUP(I26,Каталог!$A:$C,3,0)) | M26: =IF(I26="","",J26*L26)
A27: =IF(B27="","",20) | B27: {=IFERROR(INDEX(Заказы!$A$3:$A$29,SMALL(IF(Заказы!$B$3:$B$29>0,ROW(Заказы!$B$3:$B$29)-ROW(B$3)+1),20)),"")} | C27: =IF(B27="","",INDEX(Заказы!$B$3:$B$29,MATCH(B27,Заказы!$A$3:$A$29,0))) | D27: =IF(B27="","",VLOOKUP(B27,Каталог!$A:$C,2,0)) | E27: =IF(B27="","",VLOOKUP(B27,Каталог!$A:$C,3,0)) | F27: =IF(B27="","",C27*E27) | H27: =IF(I27="","",20) | I27: {=IFERROR(INDEX(Заказы!$A$3:$A$29,SMALL(IF(Заказы!$C$3:$C$29>0,ROW(Заказы!$C$3:$C$29)-ROW(C$3)+1),20)),"")} | J27: =IF(I27="","",INDEX(Заказы!$C$3:$C$29,MATCH(I27,Заказы!$A$3:$A$29,0))) | K27: =IF(I27="","",VLOOKUP(I27,Каталог!$A:$C,2,0)) | L27: =IF(I27="","",VLOOKUP(I27,Каталог!$A:$C,3,0)) | M27: =IF(I27="","",J27*L27)
A28: =IF(B28="","",21) | B28: {=IFERROR(INDEX(Заказы!$A$3:$A$29,SMALL(IF(Заказы!$B$3:$B$29>0,ROW(Заказы!$B$3:$B$29)-ROW(B$3)+1),21)),"")} | C28: =IF(B28="","",INDEX(Заказы!$B$3:$B$29,MATCH(B28,Заказы!$A$3:$A$29,0))) | D28: =IF(B28="","",VLOOKUP(B28,Каталог!$A:$C,2,0)) | E28: =IF(B28="","",VLOOKUP(B28,Каталог!$A:$C,3,0)) | F28: =IF(B28="","",C28*E28) | H28: =IF(I28="","",21) | I28: {=IFERROR(INDEX(Заказы!$A$3:$A$29,SMALL(IF(Заказы!$C$3:$C$29>0,ROW(Заказы!$C$3:$C$29)-ROW(C$3)+1),21)),"")} | J28: =IF(I28="","",INDEX(Заказы!$C$3:$C$29,MATCH(I28,Заказы!$A$3:$A$29,0))) | K28: =IF(I28="","",VLOOKUP(I28,Каталог!$A:$C,2,0)) | L28: =IF(I28="","",VLOOKUP(I28,Каталог!$A:$C,3,0)) | M28: =IF(I28="","",J28*L28)
A29: =IF(B29="","",22) | B29: {=IFERROR(INDEX(Заказы!$A$3:$A$29,SMALL(IF(Заказы!$B$3:$B$29>0,ROW(Заказы!$B$3:$B$29)-ROW(B$3)+1),22)),"")} | C29: =IF(B29="","",INDEX(Заказы!$B$3:$B$29,MATCH(B29,Заказы!$A$3:$A$29,0))) | D29: =IF(B29="","",VLOOKUP(B29,Каталог!$A:$C,2,0)) | E29: =IF(B29="","",VLOOKUP(B29,Каталог!$A:$C,3,0)) | F29: =IF(B29="","",C29*E29) | H29: =IF(I29="","",22) | I29: {=IFERROR(INDEX(Заказы!$A$3:$A$29,SMALL(IF(Заказы!$C$3:$C$29>0,ROW(Заказы!$C$3:$C$29)-ROW(C$3)+1),22)),"")} | J29: =IF(I29="","",INDEX(Заказы!$C$3:$C$29,MATCH(I29,Заказы!$A$3:$A$29,0))) | K29: =IF(I29="","",VLOOKUP(I29,Каталог!$A:$C,2,0)) | L29: =IF(I29="","",VLOOKUP(I29,Каталог!$A:$C,3,0)) | M29: =IF(I29="","",J29*L29)
A30: =IF(B30="","",23) | B30: {=IFERROR(INDEX(Заказы!$A$3:$A$29,SMALL(IF(Заказы!$B$3:$B$29>0,ROW(Заказы!$B$3:$B$29)-ROW(B$3)+1),23)),"")} | C30: =IF(B30="","",INDEX(Заказы!$B$3:$B$29,MATCH(B30,Заказы!$A$3:$A$29,0))) | D30: =IF(B30="","",VLOOKUP(B30,Каталог!$A:$C,2,0)) | E30: =IF(B30="","",VLOOKUP(B30,Каталог!$A:$C,3,0)) | F30: =IF(B30="","",C30*E30) | H30: =IF(I30="","",23) | I30: {=IFERROR(INDEX(Заказы!$A$3:$A$29,SMALL(IF(Заказы!$C$3:$C$29>0,ROW(Заказы!$C$3:$C$29)-ROW(C$3)+1),23)),"")} | J30: =IF(I30="","",INDEX(Заказы!$C$3:$C$29,MATCH(I30,Заказы!$A$3:$A$29,0))) | K30: =IF(I30="","",VLOOKUP(I30,Каталог!$A:$C,2,0)) | L30: =IF(I30="","",VLOOKUP(I30,Каталог!$A:$C,3,0)) | M30: =IF(I30="","",J30*L30)
A31: =IF(B31="","",24) | B31: {=IFERROR(INDEX(Заказы!$A$3:$A$29,SMALL(IF(Заказы!$B$3:$B$29>0,ROW(Заказы!$B$3:$B$29)-ROW(B$3)+1),24)),"")} | C31: =IF(B31="","",INDEX(Заказы!$B$3:$B$29,MATCH(B31,Заказы!$A$3:$A$29,0))) | D31: =IF(B31="","",VLOOKUP(B31,Каталог!$A:$C,2,0)) | E31: =IF(B31="","",VLOOKUP(B31,Каталог!$A:$C,3,0)) | F31: =IF(B31="","",C31*E31) | H31: =IF(I31="","",24) | I31: {=IFERROR(INDEX(Заказы!$A$3:$A$29,SMALL(IF(Заказы!$C$3:$C$29>0,ROW(Заказы!$C$3:$C$29)-ROW(C$3)+1),24)),"")} | J31: =IF(I31="","",INDEX(Заказы!$C$3:$C$29,MATCH(I31,Заказы!$A$3:$A$29,0))) | K31: =IF(I31="","",VLOOKUP(I31,Каталог!$A:$C,2,0)) | L31: =IF(I31="","",VLOOKUP(I31,Каталог!$A:$C,3,0)) | M31: =IF(I31="","",J31*L31)
A32: =IF(B32="","",25) | B32: {=IFERROR(INDEX(Заказы!$A$3:$A$29,SMALL(IF(Заказы!$B$3:$B$29>0,ROW(Заказы!$B$3:$B$29)-ROW(B$3)+1),25)),"")} | C32: =IF(B32="","",INDEX(Заказы!$B$3:$B$29,MATCH(B32,Заказы!$A$3:$A$29,0))) | D32: =IF(B32="","",VLOOKUP(B32,Каталог!$A:$C,2,0)) | E32: =IF(B32="","",VLOOKUP(B32,Каталог!$A:$C,3,0)) | F32: =IF(B32="","",C32*E32) | H32: =IF(I32="","",25) | I32: {=IFERROR(INDEX(Заказы!$A$3:$A$29,SMALL(IF(Заказы!$C$3:$C$29>0,ROW(Заказы!$C$3:$C$29)-ROW(C$3)+1),25)),"")} | J32: =IF(I32="","",INDEX(Заказы!$C$3:$C$29,MATCH(I32,Заказы!$A$3:$A$29,0))) | K32: =IF(I32="","",VLOOKUP(I32,Каталог!$A:$C,2,0)) | L32: =IF(I32="","",VLOOKUP(I32,Каталог!$A:$C,3,0)) | M32: =IF(I32="","",J32*L32)
A33: =IF(B33="","",26) | B33: {=IFERROR(INDEX(Заказы!$A$3:$A$29,SMALL(IF(Заказы!$B$3:$B$29>0,ROW(Заказы!$B$3:$B$29)-ROW(B$3)+1),26)),"")} | C33: =IF(B33="","",INDEX(Заказы!$B$3:$B$29,MATCH(B33,Заказы!$A$3:$A$29,0))) | D33: =IF(B33="","",VLOOKUP(B33,Каталог!$A:$C,2,0)) | E33: =IF(B33="","",VLOOKUP(B33,Каталог!$A:$C,3,0)) | F33: =IF(B33="","",C33*E33) | H33: =IF(I33="","",26) | I33: {=IFERROR(INDEX(Заказы!$A$3:$A$29,SMALL(IF(Заказы!$C$3:$C$29>0,ROW(Заказы!$C$3:$C$29)-ROW(C$3)+1),26)),"")} | J33: =IF(I33="","",INDEX(Заказы!$C$3:$C$29,MATCH(I33,Заказы!$A$3:$A$29,0))) | K33: =IF(I33="","",VLOOKUP(I33,Каталог!$A:$C,2,0)) | L33: =IF(I33="","",VLOOKUP(I33,Каталог!$A:$C,3,0)) | M33: =IF(I33="","",J33*L33)
A34: =IF(B34="","",27) | B34: {=IFERROR(INDEX(Заказы!$A$3:$A$29,SMALL(IF(Заказы!$B$3:$B$29>0,ROW(Заказы!$B$3:$B$29)-ROW(B$3)+1),27)),"")} | C34: =IF(B34="","",INDEX(Заказы!$B$3:$B$29,MATCH(B34,Заказы!$A$3:$A$29,0))) | D34: =IF(B34="","",VLOOKUP(B34,Каталог!$A:$C,2,0)) | E34: =IF(B34="","",VLOOKUP(B34,Каталог!$A:$C,3,0)) | F34: =IF(B34="","",C34*E34) | H34: =IF(I34="","",27) | I34: {=IFERROR(INDEX(Заказы!$A$3:$A$29,SMALL(IF(Заказы!$C$3:$C$29>0,ROW(Заказы!$C$3:$C$29)-ROW(C$3)+1),27)),"")} | J34: =IF(I34="","",INDEX(Заказы!$C$3:$C$29,MATCH(I34,Заказы!$A$3:$A$29,0))) | K34: =IF(I34="","",VLOOKUP(I34,Каталог!$A:$C,2,0)) | L34: =IF(I34="","",VLOOKUP(I34,Каталог!$A:$C,3,0)) | M34: =IF(I34="","",J34*L34)
A36: =IF(COUNTIF(Заказы!$B$3:$B$29,">0")=0,"","Итого:") -> Итого: | E36: =IF(COUNTIF(Заказы!$B$3:$B$29,">0")=0,"",SUM(F8:F34)) -> 12530 | H36: =IF(COUNTIF(Заказы!$C$3:$C$29,">0")=0,"","Итого:") -> Итого: | L36: =IF(COUNTIF(Заказы!$C$3:$C$29,">0")=0,"",SUM(M8:M34)) -> 2070
A38: =IF(COUNTIF(Заказы!$B$3:$B$29,">0")=0,"","Подпись отправителя: __________________") -> Подпись отправителя: __________________ | H38: =IF(COUNTIF(Заказы!$C$3:$C$29,">0")=0,"","Подпись отправителя: __________________") -> Подпись отправителя: __________________
A39: =IF(COUNTIF(Заказы!$B$3:$B$29,">0")=0,"","Подпись получателя: ___________________") -> Подпись получателя: ___________________ | H39: =IF(COUNTIF(Заказы!$C$3:$C$29,">0")=0,"","Подпись получателя: ___________________") -> Подпись получателя: ___________________
A41: =IF(COUNTIF(Заказы!$D$3:$D$29,">0")=0,"","НАКЛАДНАЯ") -> НАКЛАДНАЯ | H41: =IF(COUNTIF(Заказы!$E$3:$E$29,">0")=0,"","НАКЛАДНАЯ") -> НАКЛАДНАЯ
A42: =IF(COUNTIF(Заказы!$D$3:$D$29,">0")=0,"","Отправитель: Brown кондитерский цех") -> Отправитель: Brown кондитерский цех | H42: =IF(COUNTIF(Заказы!$E$3:$E$29,">0")=0,"","Отправитель: Brown кондитерский цех") -> Отправитель: Brown кондитерский цех
A43: =IF(COUNTIF(Заказы!$D$3:$D$29,">0")=0,"","Получатель: "&Заказы!D$2) -> Получатель: Ашимова | H43: =IF(COUNTIF(Заказы!$E$3:$E$29,">0")=0,"","Получатель: "&Заказы!E$2) -> Получатель: Гагарина
A44: =IF(COUNTIF(Заказы!$D$3:$D$29,">0")=0,"","Накладная от: "&TEXT(Заказы!$B$1,"dd.mm.yyyy")) -> Накладная от: 22.09.2026 | H44: =IF(COUNTIF(Заказы!$E$3:$E$29,">0")=0,"","Накладная от: "&TEXT(Заказы!$B$1,"dd.mm.yyyy")) -> Накладная от: 22.09.2026
A46: =IF(COUNTIF(Заказы!$D$3:$D$29,">0")=0,"","№") -> № | B46: =IF(COUNTIF(Заказы!$D$3:$D$29,">0")=0,"","Наименование") -> Наименование | C46: =IF(COUNTIF(Заказы!$D$3:$D$29,">0")=0,"","Кол.") -> Кол. | D46: =IF(COUNTIF(Заказы!$D$3:$D$29,">0")=0,"","Ед.") -> Ед. | E46: =IF(COUNTIF(Заказы!$D$3:$D$29,">0")=0,"","Цена") -> Цена | F46: =IF(COUNTIF(Заказы!$D$3:$D$29,">0")=0,"","Сумма") -> Сумма | H46: =IF(COUNTIF(Заказы!$E$3:$E$29,">0")=0,"","№") -> № | I46: =IF(COUNTIF(Заказы!$E$3:$E$29,">0")=0,"","Наименование") -> Наименование | J46: =IF(COUNTIF(Заказы!$E$3:$E$29,">0")=0,"","Кол.") -> Кол. | K46: =IF(COUNTIF(Заказы!$E$3:$E$29,">0")=0,"","Ед.") -> Ед. | L46: =IF(COUNTIF(Заказы!$E$3:$E$29,">0")=0,"","Цена") -> Цена | M46: =IF(COUNTIF(Заказы!$E$3:$E$29,">0")=0,"","Сумма") -> Сумма
A47: =IF(B47="","",1) -> 1 | B47: {=IFERROR(INDEX(Заказы!$A$3:$A$29,SMALL(IF(Заказы!$D$3:$D$29>0,ROW(Заказы!$D$3:$D$29)-ROW(D$3)+1),1)),"")} -> Фисташковый рулет | C47: =IF(B47="","",INDEX(Заказы!$D$3:$D$29,MATCH(B47,Заказы!$A$3:$A$29,0))) -> 2 | D47: =IF(B47="","",VLOOKUP(B47,Каталог!$A:$C,2,0)) -> Шт | E47: =IF(B47="","",VLOOKUP(B47,Каталог!$A:$C,3,0)) -> 890 | F47: =IF(B47="","",C47*E47) -> 1780 | H47: =IF(I47="","",1) -> 1 | I47: {=IFERROR(INDEX(Заказы!$A$3:$A$29,SMALL(IF(Заказы!$E$3:$E$29>0,ROW(Заказы!$E$3:$E$29)-ROW(E$3)+1),1)),"")} -> Фисташковый рулет | J47: =IF(I47="","",INDEX(Заказы!$E$3:$E$29,MATCH(I47,Заказы!$A$3:$A$29,0))) -> 1 | K47: =IF(I47="","",VLOOKUP(I47,Каталог!$A:$C,2,0)) -> Шт | L47: =IF(I47="","",VLOOKUP(I47,Каталог!$A:$C,3,0)) -> 890 | M47: =IF(I47="","",J47*L47) -> 890
A48: =IF(B48="","",2) | B48: {=IFERROR(INDEX(Заказы!$A$3:$A$29,SMALL(IF(Заказы!$D$3:$D$29>0,ROW(Заказы!$D$3:$D$29)-ROW(D$3)+1),2)),"")} | C48: =IF(B48="","",INDEX(Заказы!$D$3:$D$29,MATCH(B48,Заказы!$A$3:$A$29,0))) | D48: =IF(B48="","",VLOOKUP(B48,Каталог!$A:$C,2,0)) | E48: =IF(B48="","",VLOOKUP(B48,Каталог!$A:$C,3,0)) | F48: =IF(B48="","",C48*E48) | H48: =IF(I48="","",2) | I48: {=IFERROR(INDEX(Заказы!$A$3:$A$29,SMALL(IF(Заказы!$E$3:$E$29>0,ROW(Заказы!$E$3:$E$29)-ROW(E$3)+1),2)),"")} | J48: =IF(I48="","",INDEX(Заказы!$E$3:$E$29,MATCH(I48,Заказы!$A$3:$A$29,0))) | K48: =IF(I48="","",VLOOKUP(I48,Каталог!$A:$C,2,0)) | L48: =IF(I48="","",VLOOKUP(I48,Каталог!$A:$C,3,0)) | M48: =IF(I48="","",J48*L48)
A49: =IF(B49="","",3) | B49: {=IFERROR(INDEX(Заказы!$A$3:$A$29,SMALL(IF(Заказы!$D$3:$D$29>0,ROW(Заказы!$D$3:$D$29)-ROW(D$3)+1),3)),"")} | C49: =IF(B49="","",INDEX(Заказы!$D$3:$D$29,MATCH(B49,Заказы!$A$3:$A$29,0))) | D49: =IF(B49="","",VLOOKUP(B49,Каталог!$A:$C,2,0)) | E49: =IF(B49="","",VLOOKUP(B49,Каталог!$A:$C,3,0)) | F49: =IF(B49="","",C49*E49) | H49: =IF(I49="","",3) | I49: {=IFERROR(INDEX(Заказы!$A$3:$A$29,SMALL(IF(Заказы!$E$3:$E$29>0,ROW(Заказы!$E$3:$E$29)-ROW(E$3)+1),3)),"")} | J49: =IF(I49="","",INDEX(Заказы!$E$3:$E$29,MATCH(I49,Заказы!$A$3:$A$29,0))) | K49: =IF(I49="","",VLOOKUP(I49,Каталог!$A:$C,2,0)) | L49: =IF(I49="","",VLOOKUP(I49,Каталог!$A:$C,3,0)) | M49: =IF(I49="","",J49*L49)
A50: =IF(B50="","",4) | B50: {=IFERROR(INDEX(Заказы!$A$3:$A$29,SMALL(IF(Заказы!$D$3:$D$29>0,ROW(Заказы!$D$3:$D$29)-ROW(D$3)+1),4)),"")} | C50: =IF(B50="","",INDEX(Заказы!$D$3:$D$29,MATCH(B50,Заказы!$A$3:$A$29,0))) | D50: =IF(B50="","",VLOOKUP(B50,Каталог!$A:$C,2,0)) | E50: =IF(B50="","",VLOOKUP(B50,Каталог!$A:$C,3,0)) | F50: =IF(B50="","",C50*E50) | H50: =IF(I50="","",4) | I50: {=IFERROR(INDEX(Заказы!$A$3:$A$29,SMALL(IF(Заказы!$E$3:$E$29>0,ROW(Заказы!$E$3:$E$29)-ROW(E$3)+1),4)),"")} | J50: =IF(I50="","",INDEX(Заказы!$E$3:$E$29,MATCH(I50,Заказы!$A$3:$A$29,0))) | K50: =IF(I50="","",VLOOKUP(I50,Каталог!$A:$C,2,0)) | L50: =IF(I50="","",VLOOKUP(I50,Каталог!$A:$C,3,0)) | M50: =IF(I50="","",J50*L50)
A51: =IF(B51="","",5) | B51: {=IFERROR(INDEX(Заказы!$A$3:$A$29,SMALL(IF(Заказы!$D$3:$D$29>0,ROW(Заказы!$D$3:$D$29)-ROW(D$3)+1),5)),"")} | C51: =IF(B51="","",INDEX(Заказы!$D$3:$D$29,MATCH(B51,Заказы!$A$3:$A$29,0))) | D51: =IF(B51="","",VLOOKUP(B51,Каталог!$A:$C,2,0)) | E51: =IF(B51="","",VLOOKUP(B51,Каталог!$A:$C,3,0)) | F51: =IF(B51="","",C51*E51) | H51: =IF(I51="","",5) | I51: {=IFERROR(INDEX(Заказы!$A$3:$A$29,SMALL(IF(Заказы!$E$3:$E$29>0,ROW(Заказы!$E$3:$E$29)-ROW(E$3)+1),5)),"")} | J51: =IF(I51="","",INDEX(Заказы!$E$3:$E$29,MATCH(I51,Заказы!$A$3:$A$29,0))) | K51: =IF(I51="","",VLOOKUP(I51,Каталог!$A:$C,2,0)) | L51: =IF(I51="","",VLOOKUP(I51,Каталог!$A:$C,3,0)) | M51: =IF(I51="","",J51*L51)
A52: =IF(B52="","",6) | B52: {=IFERROR(INDEX(Заказы!$A$3:$A$29,SMALL(IF(Заказы!$D$3:$D$29>0,ROW(Заказы!$D$3:$D$29)-ROW(D$3)+1),6)),"")} | C52: =IF(B52="","",INDEX(Заказы!$D$3:$D$29,MATCH(B52,Заказы!$A$3:$A$29,0))) | D52: =IF(B52="","",VLOOKUP(B52,Каталог!$A:$C,2,0)) | E52: =IF(B52="","",VLOOKUP(B52,Каталог!$A:$C,3,0)) | F52: =IF(B52="","",C52*E52) | H52: =IF(I52="","",6) | I52: {=IFERROR(INDEX(Заказы!$A$3:$A$29,SMALL(IF(Заказы!$E$3:$E$29>0,ROW(Заказы!$E$3:$E$29)-ROW(E$3)+1),6)),"")} | J52: =IF(I52="","",INDEX(Заказы!$E$3:$E$29,MATCH(I52,Заказы!$A$3:$A$29,0))) | K52: =IF(I52="","",VLOOKUP(I52,Каталог!$A:$C,2,0)) | L52: =IF(I52="","",VLOOKUP(I52,Каталог!$A:$C,3,0)) | M52: =IF(I52="","",J52*L52)
A53: =IF(B53="","",7) | B53: {=IFERROR(INDEX(Заказы!$A$3:$A$29,SMALL(IF(Заказы!$D$3:$D$29>0,ROW(Заказы!$D$3:$D$29)-ROW(D$3)+1),7)),"")} | C53: =IF(B53="","",INDEX(Заказы!$D$3:$D$29,MATCH(B53,Заказы!$A$3:$A$29,0))) | D53: =IF(B53="","",VLOOKUP(B53,Каталог!$A:$C,2,0)) | E53: =IF(B53="","",VLOOKUP(B53,Каталог!$A:$C,3,0)) | F53: =IF(B53="","",C53*E53) | H53: =IF(I53="","",7) | I53: {=IFERROR(INDEX(Заказы!$A$3:$A$29,SMALL(IF(Заказы!$E$3:$E$29>0,ROW(Заказы!$E$3:$E$29)-ROW(E$3)+1),7)),"")} | J53: =IF(I53="","",INDEX(Заказы!$E$3:$E$29,MATCH(I53,Заказы!$A$3:$A$29,0))) | K53: =IF(I53="","",VLOOKUP(I53,Каталог!$A:$C,2,0)) | L53: =IF(I53="","",VLOOKUP(I53,Каталог!$A:$C,3,0)) | M53: =IF(I53="","",J53*L53)
A54: =IF(B54="","",8) | B54: {=IFERROR(INDEX(Заказы!$A$3:$A$29,SMALL(IF(Заказы!$D$3:$D$29>0,ROW(Заказы!$D$3:$D$29)-ROW(D$3)+1),8)),"")} | C54: =IF(B54="","",INDEX(Заказы!$D$3:$D$29,MATCH(B54,Заказы!$A$3:$A$29,0))) | D54: =IF(B54="","",VLOOKUP(B54,Каталог!$A:$C,2,0)) | E54: =IF(B54="","",VLOOKUP(B54,Каталог!$A:$C,3,0)) | F54: =IF(B54="","",C54*E54) | H54: =IF(I54="","",8) | I54: {=IFERROR(INDEX(Заказы!$A$3:$A$29,SMALL(IF(Заказы!$E$3:$E$29>0,ROW(Заказы!$E$3:$E$29)-ROW(E$3)+1),8)),"")} | J54: =IF(I54="","",INDEX(Заказы!$E$3:$E$29,MATCH(I54,Заказы!$A$3:$A$29,0))) | K54: =IF(I54="","",VLOOKUP(I54,Каталог!$A:$C,2,0)) | L54: =IF(I54="","",VLOOKUP(I54,Каталог!$A:$C,3,0)) | M54: =IF(I54="","",J54*L54)
A55: =IF(B55="","",9) | B55: {=IFERROR(INDEX(Заказы!$A$3:$A$29,SMALL(IF(Заказы!$D$3:$D$29>0,ROW(Заказы!$D$3:$D$29)-ROW(D$3)+1),9)),"")} | C55: =IF(B55="","",INDEX(Заказы!$D$3:$D$29,MATCH(B55,Заказы!$A$3:$A$29,0))) | D55: =IF(B55="","",VLOOKUP(B55,Каталог!$A:$C,2,0)) | E55: =IF(B55="","",VLOOKUP(B55,Каталог!$A:$C,3,0)) | F55: =IF(B55="","",C55*E55) | H55: =IF(I55="","",9) | I55: {=IFERROR(INDEX(Заказы!$A$3:$A$29,SMALL(IF(Заказы!$E$3:$E$29>0,ROW(Заказы!$E$3:$E$29)-ROW(E$3)+1),9)),"")} | J55: =IF(I55="","",INDEX(Заказы!$E$3:$E$29,MATCH(I55,Заказы!$A$3:$A$29,0))) | K55: =IF(I55="","",VLOOKUP(I55,Каталог!$A:$C,2,0)) | L55: =IF(I55="","",VLOOKUP(I55,Каталог!$A:$C,3,0)) | M55: =IF(I55="","",J55*L55)
A56: =IF(B56="","",10) | B56: {=IFERROR(INDEX(Заказы!$A$3:$A$29,SMALL(IF(Заказы!$D$3:$D$29>0,ROW(Заказы!$D$3:$D$29)-ROW(D$3)+1),10)),"")} | C56: =IF(B56="","",INDEX(Заказы!$D$3:$D$29,MATCH(B56,Заказы!$A$3:$A$29,0))) | D56: =IF(B56="","",VLOOKUP(B56,Каталог!$A:$C,2,0)) | E56: =IF(B56="","",VLOOKUP(B56,Каталог!$A:$C,3,0)) | F56: =IF(B56="","",C56*E56) | H56: =IF(I56="","",10) | I56: {=IFERROR(INDEX(Заказы!$A$3:$A$29,SMALL(IF(Заказы!$E$3:$E$29>0,ROW(Заказы!$E$3:$E$29)-ROW(E$3)+1),10)),"")} | J56: =IF(I56="","",INDEX(Заказы!$E$3:$E$29,MATCH(I56,Заказы!$A$3:$A$29,0))) | K56: =IF(I56="","",VLOOKUP(I56,Каталог!$A:$C,2,0)) | L56: =IF(I56="","",VLOOKUP(I56,Каталог!$A:$C,3,0)) | M56: =IF(I56="","",J56*L56)
A57: =IF(B57="","",11) | B57: {=IFERROR(INDEX(Заказы!$A$3:$A$29,SMALL(IF(Заказы!$D$3:$D$29>0,ROW(Заказы!$D$3:$D$29)-ROW(D$3)+1),11)),"")} | C57: =IF(B57="","",INDEX(Заказы!$D$3:$D$29,MATCH(B57,Заказы!$A$3:$A$29,0))) | D57: =IF(B57="","",VLOOKUP(B57,Каталог!$A:$C,2,0)) | E57: =IF(B57="","",VLOOKUP(B57,Каталог!$A:$C,3,0)) | F57: =IF(B57="","",C57*E57) | H57: =IF(I57="","",11) | I57: {=IFERROR(INDEX(Заказы!$A$3:$A$29,SMALL(IF(Заказы!$E$3:$E$29>0,ROW(Заказы!$E$3:$E$29)-ROW(E$3)+1),11)),"")} | J57: =IF(I57="","",INDEX(Заказы!$E$3:$E$29,MATCH(I57,Заказы!$A$3:$A$29,0))) | K57: =IF(I57="","",VLOOKUP(I57,Каталог!$A:$C,2,0)) | L57: =IF(I57="","",VLOOKUP(I57,Каталог!$A:$C,3,0)) | M57: =IF(I57="","",J57*L57)
A58: =IF(B58="","",12) | B58: {=IFERROR(INDEX(Заказы!$A$3:$A$29,SMALL(IF(Заказы!$D$3:$D$29>0,ROW(Заказы!$D$3:$D$29)-ROW(D$3)+1),12)),"")} | C58: =IF(B58="","",INDEX(Заказы!$D$3:$D$29,MATCH(B58,Заказы!$A$3:$A$29,0))) | D58: =IF(B58="","",VLOOKUP(B58,Каталог!$A:$C,2,0)) | E58: =IF(B58="","",VLOOKUP(B58,Каталог!$A:$C,3,0)) | F58: =IF(B58="","",C58*E58) | H58: =IF(I58="","",12) | I58: {=IFERROR(INDEX(Заказы!$A$3:$A$29,SMALL(IF(Заказы!$E$3:$E$29>0,ROW(Заказы!$E$3:$E$29)-ROW(E$3)+1),12)),"")} | J58: =IF(I58="","",INDEX(Заказы!$E$3:$E$29,MATCH(I58,Заказы!$A$3:$A$29,0))) | K58: =IF(I58="","",VLOOKUP(I58,Каталог!$A:$C,2,0)) | L58: =IF(I58="","",VLOOKUP(I58,Каталог!$A:$C,3,0)) | M58: =IF(I58="","",J58*L58)
A59: =IF(B59="","",13) | B59: {=IFERROR(INDEX(Заказы!$A$3:$A$29,SMALL(IF(Заказы!$D$3:$D$29>0,ROW(Заказы!$D$3:$D$29)-ROW(D$3)+1),13)),"")} | C59: =IF(B59="","",INDEX(Заказы!$D$3:$D$29,MATCH(B59,Заказы!$A$3:$A$29,0))) | D59: =IF(B59="","",VLOOKUP(B59,Каталог!$A:$C,2,0)) | E59: =IF(B59="","",VLOOKUP(B59,Каталог!$A:$C,3,0)) | F59: =IF(B59="","",C59*E59) | H59: =IF(I59="","",13) | I59: {=IFERROR(INDEX(Заказы!$A$3:$A$29,SMALL(IF(Заказы!$E$3:$E$29>0,ROW(Заказы!$E$3:$E$29)-ROW(E$3)+1),13)),"")} | J59: =IF(I59="","",INDEX(Заказы!$E$3:$E$29,MATCH(I59,Заказы!$A$3:$A$29,0))) | K59: =IF(I59="","",VLOOKUP(I59,Каталог!$A:$C,2,0)) | L59: =IF(I59="","",VLOOKUP(I59,Каталог!$A:$C,3,0)) | M59: =IF(I59="","",J59*L59)
A60: =IF(B60="","",14) | B60: {=IFERROR(INDEX(Заказы!$A$3:$A$29,SMALL(IF(Заказы!$D$3:$D$29>0,ROW(Заказы!$D$3:$D$29)-ROW(D$3)+1),14)),"")} | C60: =IF(B60="","",INDEX(Заказы!$D$3:$D$29,MATCH(B60,Заказы!$A$3:$A$29,0))) | D60: =IF(B60="","",VLOOKUP(B60,Каталог!$A:$C,2,0)) | E60: =IF(B60="","",VLOOKUP(B60,Каталог!$A:$C,3,0)) | F60: =IF(B60="","",C60*E60) | H60: =IF(I60="","",14) | I60: {=IFERROR(INDEX(Заказы!$A$3:$A$29,SMALL(IF(Заказы!$E$3:$E$29>0,ROW(Заказы!$E$3:$E$29)-ROW(E$3)+1),14)),"")} | J60: =IF(I60="","",INDEX(Заказы!$E$3:$E$29,MATCH(I60,Заказы!$A$3:$A$29,0))) | K60: =IF(I60="","",VLOOKUP(I60,Каталог!$A:$C,2,0)) | L60: =IF(I60="","",VLOOKUP(I60,Каталог!$A:$C,3,0)) | M60: =IF(I60="","",J60*L60)
A61: =IF(B61="","",15) | B61: {=IFERROR(INDEX(Заказы!$A$3:$A$29,SMALL(IF(Заказы!$D$3:$D$29>0,ROW(Заказы!$D$3:$D$29)-ROW(D$3)+1),15)),"")} | C61: =IF(B61="","",INDEX(Заказы!$D$3:$D$29,MATCH(B61,Заказы!$A$3:$A$29,0))) | D61: =IF(B61="","",VLOOKUP(B61,Каталог!$A:$C,2,0)) | E61: =IF(B61="","",VLOOKUP(B61,Каталог!$A:$C,3,0)) | F61: =IF(B61="","",C61*E61) | H61: =IF(I61="","",15) | I61: {=IFERROR(INDEX(Заказы!$A$3:$A$29,SMALL(IF(Заказы!$E$3:$E$29>0,ROW(Заказы!$E$3:$E$29)-ROW(E$3)+1),15)),"")} | J61: =IF(I61="","",INDEX(Заказы!$E$3:$E$29,MATCH(I61,Заказы!$A$3:$A$29,0))) | K61: =IF(I61="","",VLOOKUP(I61,Каталог!$A:$C,2,0)) | L61: =IF(I61="","",VLOOKUP(I61,Каталог!$A:$C,3,0)) | M61: =IF(I61="","",J61*L61)
A62: =IF(B62="","",16) | B62: {=IFERROR(INDEX(Заказы!$A$3:$A$29,SMALL(IF(Заказы!$D$3:$D$29>0,ROW(Заказы!$D$3:$D$29)-ROW(D$3)+1),16)),"")} | C62: =IF(B62="","",INDEX(Заказы!$D$3:$D$29,MATCH(B62,Заказы!$A$3:$A$29,0))) | D62: =IF(B62="","",VLOOKUP(B62,Каталог!$A:$C,2,0)) | E62: =IF(B62="","",VLOOKUP(B62,Каталог!$A:$C,3,0)) | F62: =IF(B62="","",C62*E62) | H62: =IF(I62="","",16) | I62: {=IFERROR(INDEX(Заказы!$A$3:$A$29,SMALL(IF(Заказы!$E$3:$E$29>0,ROW(Заказы!$E$3:$E$29)-ROW(E$3)+1),16)),"")} | J62: =IF(I62="","",INDEX(Заказы!$E$3:$E$29,MATCH(I62,Заказы!$A$3:$A$29,0))) | K62: =IF(I62="","",VLOOKUP(I62,Каталог!$A:$C,2,0)) | L62: =IF(I62="","",VLOOKUP(I62,Каталог!$A:$C,3,0)) | M62: =IF(I62="","",J62*L62)
A63: =IF(B63="","",17) | B63: {=IFERROR(INDEX(Заказы!$A$3:$A$29,SMALL(IF(Заказы!$D$3:$D$29>0,ROW(Заказы!$D$3:$D$29)-ROW(D$3)+1),17)),"")} | C63: =IF(B63="","",INDEX(Заказы!$D$3:$D$29,MATCH(B63,Заказы!$A$3:$A$29,0))) | D63: =IF(B63="","",VLOOKUP(B63,Каталог!$A:$C,2,0)) | E63: =IF(B63="","",VLOOKUP(B63,Каталог!$A:$C,3,0)) | F63: =IF(B63="","",C63*E63) | H63: =IF(I63="","",17) | I63: {=IFERROR(INDEX(Заказы!$A$3:$A$29,SMALL(IF(Заказы!$E$3:$E$29>0,ROW(Заказы!$E$3:$E$29)-ROW(E$3)+1),17)),"")} | J63: =IF(I63="","",INDEX(Заказы!$E$3:$E$29,MATCH(I63,Заказы!$A$3:$A$29,0))) | K63: =IF(I63="","",VLOOKUP(I63,Каталог!$A:$C,2,0)) | L63: =IF(I63="","",VLOOKUP(I63,Каталог!$A:$C,3,0)) | M63: =IF(I63="","",J63*L63)
A64: =IF(B64="","",18) | B64: {=IFERROR(INDEX(Заказы!$A$3:$A$29,SMALL(IF(Заказы!$D$3:$D$29>0,ROW(Заказы!$D$3:$D$29)-ROW(D$3)+1),18)),"")} | C64: =IF(B64="","",INDEX(Заказы!$D$3:$D$29,MATCH(B64,Заказы!$A$3:$A$29,0))) | D64: =IF(B64="","",VLOOKUP(B64,Каталог!$A:$C,2,0)) | E64: =IF(B64="","",VLOOKUP(B64,Каталог!$A:$C,3,0)) | F64: =IF(B64="","",C64*E64) | H64: =IF(I64="","",18) | I64: {=IFERROR(INDEX(Заказы!$A$3:$A$29,SMALL(IF(Заказы!$E$3:$E$29>0,ROW(Заказы!$E$3:$E$29)-ROW(E$3)+1),18)),"")} | J64: =IF(I64="","",INDEX(Заказы!$E$3:$E$29,MATCH(I64,Заказы!$A$3:$A$29,0))) | K64: =IF(I64="","",VLOOKUP(I64,Каталог!$A:$C,2,0)) | L64: =IF(I64="","",VLOOKUP(I64,Каталог!$A:$C,3,0)) | M64: =IF(I64="","",J64*L64)
A65: =IF(B65="","",19) | B65: {=IFERROR(INDEX(Заказы!$A$3:$A$29,SMALL(IF(Заказы!$D$3:$D$29>0,ROW(Заказы!$D$3:$D$29)-ROW(D$3)+1),19)),"")} | C65: =IF(B65="","",INDEX(Заказы!$D$3:$D$29,MATCH(B65,Заказы!$A$3:$A$29,0))) | D65: =IF(B65="","",VLOOKUP(B65,Каталог!$A:$C,2,0)) | E65: =IF(B65="","",VLOOKUP(B65,Каталог!$A:$C,3,0)) | F65: =IF(B65="","",C65*E65) | H65: =IF(I65="","",19) | I65: {=IFERROR(INDEX(Заказы!$A$3:$A$29,SMALL(IF(Заказы!$E$3:$E$29>0,ROW(Заказы!$E$3:$E$29)-ROW(E$3)+1),19)),"")} | J65: =IF(I65="","",INDEX(Заказы!$E$3:$E$29,MATCH(I65,Заказы!$A$3:$A$29,0))) | K65: =IF(I65="","",VLOOKUP(I65,Каталог!$A:$C,2,0)) | L65: =IF(I65="","",VLOOKUP(I65,Каталог!$A:$C,3,0)) | M65: =IF(I65="","",J65*L65)
A66: =IF(B66="","",20) | B66: {=IFERROR(INDEX(Заказы!$A$3:$A$29,SMALL(IF(Заказы!$D$3:$D$29>0,ROW(Заказы!$D$3:$D$29)-ROW(D$3)+1),20)),"")} | C66: =IF(B66="","",INDEX(Заказы!$D$3:$D$29,MATCH(B66,Заказы!$A$3:$A$29,0))) | D66: =IF(B66="","",VLOOKUP(B66,Каталог!$A:$C,2,0)) | E66: =IF(B66="","",VLOOKUP(B66,Каталог!$A:$C,3,0)) | F66: =IF(B66="","",C66*E66) | H66: =IF(I66="","",20) | I66: {=IFERROR(INDEX(Заказы!$A$3:$A$29,SMALL(IF(Заказы!$E$3:$E$29>0,ROW(Заказы!$E$3:$E$29)-ROW(E$3)+1),20)),"")} | J66: =IF(I66="","",INDEX(Заказы!$E$3:$E$29,MATCH(I66,Заказы!$A$3:$A$29,0))) | K66: =IF(I66="","",VLOOKUP(I66,Каталог!$A:$C,2,0)) | L66: =IF(I66="","",VLOOKUP(I66,Каталог!$A:$C,3,0)) | M66: =IF(I66="","",J66*L66)
A67: =IF(B67="","",21) | B67: {=IFERROR(INDEX(Заказы!$A$3:$A$29,SMALL(IF(Заказы!$D$3:$D$29>0,ROW(Заказы!$D$3:$D$29)-ROW(D$3)+1),21)),"")} | C67: =IF(B67="","",INDEX(Заказы!$D$3:$D$29,MATCH(B67,Заказы!$A$3:$A$29,0))) | D67: =IF(B67="","",VLOOKUP(B67,Каталог!$A:$C,2,0)) | E67: =IF(B67="","",VLOOKUP(B67,Каталог!$A:$C,3,0)) | F67: =IF(B67="","",C67*E67) | H67: =IF(I67="","",21) | I67: {=IFERROR(INDEX(Заказы!$A$3:$A$29,SMALL(IF(Заказы!$E$3:$E$29>0,ROW(Заказы!$E$3:$E$29)-ROW(E$3)+1),21)),"")} | J67: =IF(I67="","",INDEX(Заказы!$E$3:$E$29,MATCH(I67,Заказы!$A$3:$A$29,0))) | K67: =IF(I67="","",VLOOKUP(I67,Каталог!$A:$C,2,0)) | L67: =IF(I67="","",VLOOKUP(I67,Каталог!$A:$C,3,0)) | M67: =IF(I67="","",J67*L67)
A68: =IF(B68="","",22) | B68: {=IFERROR(INDEX(Заказы!$A$3:$A$29,SMALL(IF(Заказы!$D$3:$D$29>0,ROW(Заказы!$D$3:$D$29)-ROW(D$3)+1),22)),"")} | C68: =IF(B68="","",INDEX(Заказы!$D$3:$D$29,MATCH(B68,Заказы!$A$3:$A$29,0))) | D68: =IF(B68="","",VLOOKUP(B68,Каталог!$A:$C,2,0)) | E68: =IF(B68="","",VLOOKUP(B68,Каталог!$A:$C,3,0)) | F68: =IF(B68="","",C68*E68) | H68: =IF(I68="","",22) | I68: {=IFERROR(INDEX(Заказы!$A$3:$A$29,SMALL(IF(Заказы!$E$3:$E$29>0,ROW(Заказы!$E$3:$E$29)-ROW(E$3)+1),22)),"")} | J68: =IF(I68="","",INDEX(Заказы!$E$3:$E$29,MATCH(I68,Заказы!$A$3:$A$29,0))) | K68: =IF(I68="","",VLOOKUP(I68,Каталог!$A:$C,2,0)) | L68: =IF(I68="","",VLOOKUP(I68,Каталог!$A:$C,3,0)) | M68: =IF(I68="","",J68*L68)
A69: =IF(B69="","",23) | B69: {=IFERROR(INDEX(Заказы!$A$3:$A$29,SMALL(IF(Заказы!$D$3:$D$29>0,ROW(Заказы!$D$3:$D$29)-ROW(D$3)+1),23)),"")} | C69: =IF(B69="","",INDEX(Заказы!$D$3:$D$29,MATCH(B69,Заказы!$A$3:$A$29,0))) | D69: =IF(B69="","",VLOOKUP(B69,Каталог!$A:$C,2,0)) | E69: =IF(B69="","",VLOOKUP(B69,Каталог!$A:$C,3,0)) | F69: =IF(B69="","",C69*E69) | H69: =IF(I69="","",23) | I69: {=IFERROR(INDEX(Заказы!$A$3:$A$29,SMALL(IF(Заказы!$E$3:$E$29>0,ROW(Заказы!$E$3:$E$29)-ROW(E$3)+1),23)),"")} | J69: =IF(I69="","",INDEX(Заказы!$E$3:$E$29,MATCH(I69,Заказы!$A$3:$A$29,0))) | K69: =IF(I69="","",VLOOKUP(I69,Каталог!$A:$C,2,0)) | L69: =IF(I69="","",VLOOKUP(I69,Каталог!$A:$C,3,0)) | M69: =IF(I69="","",J69*L69)
A70: =IF(B70="","",24) | B70: {=IFERROR(INDEX(Заказы!$A$3:$A$29,SMALL(IF(Заказы!$D$3:$D$29>0,ROW(Заказы!$D$3:$D$29)-ROW(D$3)+1),24)),"")} | C70: =IF(B70="","",INDEX(Заказы!$D$3:$D$29,MATCH(B70,Заказы!$A$3:$A$29,0))) | D70: =IF(B70="","",VLOOKUP(B70,Каталог!$A:$C,2,0)) | E70: =IF(B70="","",VLOOKUP(B70,Каталог!$A:$C,3,0)) | F70: =IF(B70="","",C70*E70) | H70: =IF(I70="","",24) | I70: {=IFERROR(INDEX(Заказы!$A$3:$A$29,SMALL(IF(Заказы!$E$3:$E$29>0,ROW(Заказы!$E$3:$E$29)-ROW(E$3)+1),24)),"")} | J70: =IF(I70="","",INDEX(Заказы!$E$3:$E$29,MATCH(I70,Заказы!$A$3:$A$29,0))) | K70: =IF(I70="","",VLOOKUP(I70,Каталог!$A:$C,2,0)) | L70: =IF(I70="","",VLOOKUP(I70,Каталог!$A:$C,3,0)) | M70: =IF(I70="","",J70*L70)
A71: =IF(B71="","",25) | B71: {=IFERROR(INDEX(Заказы!$A$3:$A$29,SMALL(IF(Заказы!$D$3:$D$29>0,ROW(Заказы!$D$3:$D$29)-ROW(D$3)+1),25)),"")} | C71: =IF(B71="","",INDEX(Заказы!$D$3:$D$29,MATCH(B71,Заказы!$A$3:$A$29,0))) | D71: =IF(B71="","",VLOOKUP(B71,Каталог!$A:$C,2,0)) | E71: =IF(B71="","",VLOOKUP(B71,Каталог!$A:$C,3,0)) | F71: =IF(B71="","",C71*E71) | H71: =IF(I71="","",25) | I71: {=IFERROR(INDEX(Заказы!$A$3:$A$29,SMALL(IF(Заказы!$E$3:$E$29>0,ROW(Заказы!$E$3:$E$29)-ROW(E$3)+1),25)),"")} | J71: =IF(I71="","",INDEX(Заказы!$E$3:$E$29,MATCH(I71,Заказы!$A$3:$A$29,0))) | K71: =IF(I71="","",VLOOKUP(I71,Каталог!$A:$C,2,0)) | L71: =IF(I71="","",VLOOKUP(I71,Каталог!$A:$C,3,0)) | M71: =IF(I71="","",J71*L71)
A72: =IF(B72="","",26) | B72: {=IFERROR(INDEX(Заказы!$A$3:$A$29,SMALL(IF(Заказы!$D$3:$D$29>0,ROW(Заказы!$D$3:$D$29)-ROW(D$3)+1),26)),"")} | C72: =IF(B72="","",INDEX(Заказы!$D$3:$D$29,MATCH(B72,Заказы!$A$3:$A$29,0))) | D72: =IF(B72="","",VLOOKUP(B72,Каталог!$A:$C,2,0)) | E72: =IF(B72="","",VLOOKUP(B72,Каталог!$A:$C,3,0)) | F72: =IF(B72="","",C72*E72) | H72: =IF(I72="","",26) | I72: {=IFERROR(INDEX(Заказы!$A$3:$A$29,SMALL(IF(Заказы!$E$3:$E$29>0,ROW(Заказы!$E$3:$E$29)-ROW(E$3)+1),26)),"")} | J72: =IF(I72="","",INDEX(Заказы!$E$3:$E$29,MATCH(I72,Заказы!$A$3:$A$29,0))) | K72: =IF(I72="","",VLOOKUP(I72,Каталог!$A:$C,2,0)) | L72: =IF(I72="","",VLOOKUP(I72,Каталог!$A:$C,3,0)) | M72: =IF(I72="","",J72*L72)
A73: =IF(B73="","",27) | B73: {=IFERROR(INDEX(Заказы!$A$3:$A$29,SMALL(IF(Заказы!$D$3:$D$29>0,ROW(Заказы!$D$3:$D$29)-ROW(D$3)+1),27)),"")} | C73: =IF(B73="","",INDEX(Заказы!$D$3:$D$29,MATCH(B73,Заказы!$A$3:$A$29,0))) | D73: =IF(B73="","",VLOOKUP(B73,Каталог!$A:$C,2,0)) | E73: =IF(B73="","",VLOOKUP(B73,Каталог!$A:$C,3,0)) | F73: =IF(B73="","",C73*E73) | H73: =IF(I73="","",27) | I73: {=IFERROR(INDEX(Заказы!$A$3:$A$29,SMALL(IF(Заказы!$E$3:$E$29>0,ROW(Заказы!$E$3:$E$29)-ROW(E$3)+1),27)),"")} | J73: =IF(I73="","",INDEX(Заказы!$E$3:$E$29,MATCH(I73,Заказы!$A$3:$A$29,0))) | K73: =IF(I73="","",VLOOKUP(I73,Каталог!$A:$C,2,0)) | L73: =IF(I73="","",VLOOKUP(I73,Каталог!$A:$C,3,0)) | M73: =IF(I73="","",J73*L73)
A75: =IF(COUNTIF(Заказы!$D$3:$D$29,">0")=0,"","Итого:") -> Итого: | E75: =IF(COUNTIF(Заказы!$D$3:$D$29,">0")=0,"",SUM(F47:F73)) -> 1780 | H75: =IF(COUNTIF(Заказы!$E$3:$E$29,">0")=0,"","Итого:") -> Итого: | L75: =IF(COUNTIF(Заказы!$E$3:$E$29,">0")=0,"",SUM(M47:M73)) -> 890
A77: =IF(COUNTIF(Заказы!$D$3:$D$29,">0")=0,"","Подпись отправителя: __________________") -> Подпись отправителя: __________________ | H77: =IF(COUNTIF(Заказы!$E$3:$E$29,">0")=0,"","Подпись отправителя: __________________") -> Подпись отправителя: __________________
A78: =IF(COUNTIF(Заказы!$D$3:$D$29,">0")=0,"","Подпись получателя: ___________________") -> Подпись получателя: ___________________ | H78: =IF(COUNTIF(Заказы!$E$3:$E$29,">0")=0,"","Подпись получателя: ___________________") -> Подпись получателя: ___________________
A80: =IF(COUNTIF(Заказы!$F$3:$F$29,">0")=0,"","НАКЛАДНАЯ") -> НАКЛАДНАЯ | H80: =IF(COUNTIF(Заказы!$G$3:$G$29,">0")=0,"","НАКЛАДНАЯ") -> НАКЛАДНАЯ
A81: =IF(COUNTIF(Заказы!$F$3:$F$29,">0")=0,"","Отправитель: Brown кондитерский цех") -> Отправитель: Brown кондитерский цех | H81: =IF(COUNTIF(Заказы!$G$3:$G$29,">0")=0,"","Отправитель: Brown кондитерский цех") -> Отправитель: Brown кондитерский цех
A82: =IF(COUNTIF(Заказы!$F$3:$F$29,">0")=0,"","Получатель: "&Заказы!F$2) -> Получатель: Алапарк | H82: =IF(COUNTIF(Заказы!$G$3:$G$29,">0")=0,"","Получатель: "&Заказы!G$2) -> Получатель: Аксай
A83: =IF(COUNTIF(Заказы!$F$3:$F$29,">0")=0,"","Накладная от: "&TEXT(Заказы!$B$1,"dd.mm.yyyy")) -> Накладная от: 22.09.2026 | H83: =IF(COUNTIF(Заказы!$G$3:$G$29,">0")=0,"","Накладная от: "&TEXT(Заказы!$B$1,"dd.mm.yyyy")) -> Накладная от: 22.09.2026
A85: =IF(COUNTIF(Заказы!$F$3:$F$29,">0")=0,"","№") -> № | B85: =IF(COUNTIF(Заказы!$F$3:$F$29,">0")=0,"","Наименование") -> Наименование | C85: =IF(COUNTIF(Заказы!$F$3:$F$29,">0")=0,"","Кол.") -> Кол. | D85: =IF(COUNTIF(Заказы!$F$3:$F$29,">0")=0,"","Ед.") -> Ед. | E85: =IF(COUNTIF(Заказы!$F$3:$F$29,">0")=0,"","Цена") -> Цена | F85: =IF(COUNTIF(Заказы!$F$3:$F$29,">0")=0,"","Сумма") -> Сумма | H85: =IF(COUNTIF(Заказы!$G$3:$G$29,">0")=0,"","№") -> № | I85: =IF(COUNTIF(Заказы!$G$3:$G$29,">0")=0,"","Наименование") -> Наименование | J85: =IF(COUNTIF(Заказы!$G$3:$G$29,">0")=0,"","Кол.") -> Кол. | K85: =IF(COUNTIF(Заказы!$G$3:$G$29,">0")=0,"","Ед.") -> Ед. | L85: =IF(COUNTIF(Заказы!$G$3:$G$29,">0")=0,"","Цена") -> Цена | M85: =IF(COUNTIF(Заказы!$G$3:$G$29,">0")=0,"","Сумма") -> Сумма
A86: =IF(B86="","",1) -> 1 | B86: {=IFERROR(INDEX(Заказы!$A$3:$A$29,SMALL(IF(Заказы!$F$3:$F$29>0,ROW(Заказы!$F$3:$F$29)-ROW(F$3)+1),1)),"")} -> Вупи пай | C86: =IF(B86="","",INDEX(Заказы!$F$3:$F$29,MATCH(B86,Заказы!$A$3:$A$29,0))) -> 6 | D86: =IF(B86="","",VLOOKUP(B86,Каталог!$A:$C,2,0)) -> Шт | E86: =IF(B86="","",VLOOKUP(B86,Каталог!$A:$C,3,0)) -> 690 | F86: =IF(B86="","",C86*E86) -> 4140 | H86: =IF(I86="","",1) -> 1 | I86: {=IFERROR(INDEX(Заказы!$A$3:$A$29,SMALL(IF(Заказы!$G$3:$G$29>0,ROW(Заказы!$G$3:$G$29)-ROW(G$3)+1),1)),"")} -> Вупи пай | J86: =IF(I86="","",INDEX(Заказы!$G$3:$G$29,MATCH(I86,Заказы!$A$3:$A$29,0))) -> 4 | K86: =IF(I86="","",VLOOKUP(I86,Каталог!$A:$C,2,0)) -> Шт | L86: =IF(I86="","",VLOOKUP(I86,Каталог!$A:$C,3,0)) -> 690 | M86: =IF(I86="","",J86*L86) -> 2760
A87: =IF(B87="","",2) -> 2 | B87: {=IFERROR(INDEX(Заказы!$A$3:$A$29,SMALL(IF(Заказы!$F$3:$F$29>0,ROW(Заказы!$F$3:$F$29)-ROW(F$3)+1),2)),"")} -> Фисташковый рулет | C87: =IF(B87="","",INDEX(Заказы!$F$3:$F$29,MATCH(B87,Заказы!$A$3:$A$29,0))) -> 6 | D87: =IF(B87="","",VLOOKUP(B87,Каталог!$A:$C,2,0)) -> Шт | E87: =IF(B87="","",VLOOKUP(B87,Каталог!$A:$C,3,0)) -> 890 | F87: =IF(B87="","",C87*E87) -> 5340 | H87: =IF(I87="","",2) -> 2 | I87: {=IFERROR(INDEX(Заказы!$A$3:$A$29,SMALL(IF(Заказы!$G$3:$G$29>0,ROW(Заказы!$G$3:$G$29)-ROW(G$3)+1),2)),"")} -> Фисташковый рулет | J87: =IF(I87="","",INDEX(Заказы!$G$3:$G$29,MATCH(I87,Заказы!$A$3:$A$29,0))) -> 5 | K87: =IF(I87="","",VLOOKUP(I87,Каталог!$A:$C,2,0)) -> Шт | L87: =IF(I87="","",VLOOKUP(I87,Каталог!$A:$C,3,0)) -> 890 | M87: =IF(I87="","",J87*L87) -> 4450
A88: =IF(B88="","",3) | B88: {=IFERROR(INDEX(Заказы!$A$3:$A$29,SMALL(IF(Заказы!$F$3:$F$29>0,ROW(Заказы!$F$3:$F$29)-ROW(F$3)+1),3)),"")} | C88: =IF(B88="","",INDEX(Заказы!$F$3:$F$29,MATCH(B88,Заказы!$A$3:$A$29,0))) | D88: =IF(B88="","",VLOOKUP(B88,Каталог!$A:$C,2,0)) | E88: =IF(B88="","",VLOOKUP(B88,Каталог!$A:$C,3,0)) | F88: =IF(B88="","",C88*E88) | H88: =IF(I88="","",3) | I88: {=IFERROR(INDEX(Заказы!$A$3:$A$29,SMALL(IF(Заказы!$G$3:$G$29>0,ROW(Заказы!$G$3:$G$29)-ROW(G$3)+1),3)),"")} | J88: =IF(I88="","",INDEX(Заказы!$G$3:$G$29,MATCH(I88,Заказы!$A$3:$A$29,0))) | K88: =IF(I88="","",VLOOKUP(I88,Каталог!$A:$C,2,0)) | L88: =IF(I88="","",VLOOKUP(I88,Каталог!$A:$C,3,0)) | M88: =IF(I88="","",J88*L88)
A89: =IF(B89="","",4) | B89: {=IFERROR(INDEX(Заказы!$A$3:$A$29,SMALL(IF(Заказы!$F$3:$F$29>0,ROW(Заказы!$F$3:$F$29)-ROW(F$3)+1),4)),"")} | C89: =IF(B89="","",INDEX(Заказы!$F$3:$F$29,MATCH(B89,Заказы!$A$3:$A$29,0))) | D89: =IF(B89="","",VLOOKUP(B89,Каталог!$A:$C,2,0)) | E89: =IF(B89="","",VLOOKUP(B89,Каталог!$A:$C,3,0)) | F89: =IF(B89="","",C89*E89) | H89: =IF(I89="","",4) | I89: {=IFERROR(INDEX(Заказы!$A$3:$A$29,SMALL(IF(Заказы!$G$3:$G$29>0,ROW(Заказы!$G$3:$G$29)-ROW(G$3)+1),4)),"")} | J89: =IF(I89="","",INDEX(Заказы!$G$3:$G$29,MATCH(I89,Заказы!$A$3:$A$29,0))) | K89: =IF(I89="","",VLOOKUP(I89,Каталог!$A:$C,2,0)) | L89: =IF(I89="","",VLOOKUP(I89,Каталог!$A:$C,3,0)) | M89: =IF(I89="","",J89*L89)
A90: =IF(B90="","",5) | B90: {=IFERROR(INDEX(Заказы!$A$3:$A$29,SMALL(IF(Заказы!$F$3:$F$29>0,ROW(Заказы!$F$3:$F$29)-ROW(F$3)+1),5)),"")} | C90: =IF(B90="","",INDEX(Заказы!$F$3:$F$29,MATCH(B90,Заказы!$A$3:$A$29,0))) | D90: =IF(B90="","",VLOOKUP(B90,Каталог!$A:$C,2,0)) | E90: =IF(B90="","",VLOOKUP(B90,Каталог!$A:$C,3,0)) | F90: =IF(B90="","",C90*E90) | H90: =IF(I90="","",5) | I90: {=IFERROR(INDEX(Заказы!$A$3:$A$29,SMALL(IF(Заказы!$G$3:$G$29>0,ROW(Заказы!$G$3:$G$29)-ROW(G$3)+1),5)),"")} | J90: =IF(I90="","",INDEX(Заказы!$G$3:$G$29,MATCH(I90,Заказы!$A$3:$A$29,0))) | K90: =IF(I90="","",VLOOKUP(I90,Каталог!$A:$C,2,0)) | L90: =IF(I90="","",VLOOKUP(I90,Каталог!$A:$C,3,0)) | M90: =IF(I90="","",J90*L90)
A91: =IF(B91="","",6) | B91: {=IFERROR(INDEX(Заказы!$A$3:$A$29,SMALL(IF(Заказы!$F$3:$F$29>0,ROW(Заказы!$F$3:$F$29)-ROW(F$3)+1),6)),"")} | C91: =IF(B91="","",INDEX(Заказы!$F$3:$F$29,MATCH(B91,Заказы!$A$3:$A$29,0))) | D91: =IF(B91="","",VLOOKUP(B91,Каталог!$A:$C,2,0)) | E91: =IF(B91="","",VLOOKUP(B91,Каталог!$A:$C,3,0)) | F91: =IF(B91="","",C91*E91) | H91: =IF(I91="","",6) | I91: {=IFERROR(INDEX(Заказы!$A$3:$A$29,SMALL(IF(Заказы!$G$3:$G$29>0,ROW(Заказы!$G$3:$G$29)-ROW(G$3)+1),6)),"")} | J91: =IF(I91="","",INDEX(Заказы!$G$3:$G$29,MATCH(I91,Заказы!$A$3:$A$29,0))) | K91: =IF(I91="","",VLOOKUP(I91,Каталог!$A:$C,2,0)) | L91: =IF(I91="","",VLOOKUP(I91,Каталог!$A:$C,3,0)) | M91: =IF(I91="","",J91*L91)
A92: =IF(B92="","",7) | B92: {=IFERROR(INDEX(Заказы!$A$3:$A$29,SMALL(IF(Заказы!$F$3:$F$29>0,ROW(Заказы!$F$3:$F$29)-ROW(F$3)+1),7)),"")} | C92: =IF(B92="","",INDEX(Заказы!$F$3:$F$29,MATCH(B92,Заказы!$A$3:$A$29,0))) | D92: =IF(B92="","",VLOOKUP(B92,Каталог!$A:$C,2,0)) | E92: =IF(B92="","",VLOOKUP(B92,Каталог!$A:$C,3,0)) | F92: =IF(B92="","",C92*E92) | H92: =IF(I92="","",7) | I92: {=IFERROR(INDEX(Заказы!$A$3:$A$29,SMALL(IF(Заказы!$G$3:$G$29>0,ROW(Заказы!$G$3:$G$29)-ROW(G$3)+1),7)),"")} | J92: =IF(I92="","",INDEX(Заказы!$G$3:$G$29,MATCH(I92,Заказы!$A$3:$A$29,0))) | K92: =IF(I92="","",VLOOKUP(I92,Каталог!$A:$C,2,0)) | L92: =IF(I92="","",VLOOKUP(I92,Каталог!$A:$C,3,0)) | M92: =IF(I92="","",J92*L92)
A93: =IF(B93="","",8) | B93: {=IFERROR(INDEX(Заказы!$A$3:$A$29,SMALL(IF(Заказы!$F$3:$F$29>0,ROW(Заказы!$F$3:$F$29)-ROW(F$3)+1),8)),"")} | C93: =IF(B93="","",INDEX(Заказы!$F$3:$F$29,MATCH(B93,Заказы!$A$3:$A$29,0))) | D93: =IF(B93="","",VLOOKUP(B93,Каталог!$A:$C,2,0)) | E93: =IF(B93="","",VLOOKUP(B93,Каталог!$A:$C,3,0)) | F93: =IF(B93="","",C93*E93) | H93: =IF(I93="","",8) | I93: {=IFERROR(INDEX(Заказы!$A$3:$A$29,SMALL(IF(Заказы!$G$3:$G$29>0,ROW(Заказы!$G$3:$G$29)-ROW(G$3)+1),8)),"")} | J93: =IF(I93="","",INDEX(Заказы!$G$3:$G$29,MATCH(I93,Заказы!$A$3:$A$29,0))) | K93: =IF(I93="","",VLOOKUP(I93,Каталог!$A:$C,2,0)) | L93: =IF(I93="","",VLOOKUP(I93,Каталог!$A:$C,3,0)) | M93: =IF(I93="","",J93*L93)
A94: =IF(B94="","",9) | B94: {=IFERROR(INDEX(Заказы!$A$3:$A$29,SMALL(IF(Заказы!$F$3:$F$29>0,ROW(Заказы!$F$3:$F$29)-ROW(F$3)+1),9)),"")} | C94: =IF(B94="","",INDEX(Заказы!$F$3:$F$29,MATCH(B94,Заказы!$A$3:$A$29,0))) | D94: =IF(B94="","",VLOOKUP(B94,Каталог!$A:$C,2,0)) | E94: =IF(B94="","",VLOOKUP(B94,Каталог!$A:$C,3,0)) | F94: =IF(B94="","",C94*E94) | H94: =IF(I94="","",9) | I94: {=IFERROR(INDEX(Заказы!$A$3:$A$29,SMALL(IF(Заказы!$G$3:$G$29>0,ROW(Заказы!$G$3:$G$29)-ROW(G$3)+1),9)),"")} | J94: =IF(I94="","",INDEX(Заказы!$G$3:$G$29,MATCH(I94,Заказы!$A$3:$A$29,0))) | K94: =IF(I94="","",VLOOKUP(I94,Каталог!$A:$C,2,0)) | L94: =IF(I94="","",VLOOKUP(I94,Каталог!$A:$C,3,0)) | M94: =IF(I94="","",J94*L94)
A95: =IF(B95="","",10) | B95: {=IFERROR(INDEX(Заказы!$A$3:$A$29,SMALL(IF(Заказы!$F$3:$F$29>0,ROW(Заказы!$F$3:$F$29)-ROW(F$3)+1),10)),"")} | C95: =IF(B95="","",INDEX(Заказы!$F$3:$F$29,MATCH(B95,Заказы!$A$3:$A$29,0))) | D95: =IF(B95="","",VLOOKUP(B95,Каталог!$A:$C,2,0)) | E95: =IF(B95="","",VLOOKUP(B95,Каталог!$A:$C,3,0)) | F95: =IF(B95="","",C95*E95) | H95: =IF(I95="","",10) | I95: {=IFERROR(INDEX(Заказы!$A$3:$A$29,SMALL(IF(Заказы!$G$3:$G$29>0,ROW(Заказы!$G$3:$G$29)-ROW(G$3)+1),10)),"")} | J95: =IF(I95="","",INDEX(Заказы!$G$3:$G$29,MATCH(I95,Заказы!$A$3:$A$29,0))) | K95: =IF(I95="","",VLOOKUP(I95,Каталог!$A:$C,2,0)) | L95: =IF(I95="","",VLOOKUP(I95,Каталог!$A:$C,3,0)) | M95: =IF(I95="","",J95*L95)
A96: =IF(B96="","",11) | B96: {=IFERROR(INDEX(Заказы!$A$3:$A$29,SMALL(IF(Заказы!$F$3:$F$29>0,ROW(Заказы!$F$3:$F$29)-ROW(F$3)+1),11)),"")} | C96: =IF(B96="","",INDEX(Заказы!$F$3:$F$29,MATCH(B96,Заказы!$A$3:$A$29,0))) | D96: =IF(B96="","",VLOOKUP(B96,Каталог!$A:$C,2,0)) | E96: =IF(B96="","",VLOOKUP(B96,Каталог!$A:$C,3,0)) | F96: =IF(B96="","",C96*E96) | H96: =IF(I96="","",11) | I96: {=IFERROR(INDEX(Заказы!$A$3:$A$29,SMALL(IF(Заказы!$G$3:$G$29>0,ROW(Заказы!$G$3:$G$29)-ROW(G$3)+1),11)),"")} | J96: =IF(I96="","",INDEX(Заказы!$G$3:$G$29,MATCH(I96,Заказы!$A$3:$A$29,0))) | K96: =IF(I96="","",VLOOKUP(I96,Каталог!$A:$C,2,0)) | L96: =IF(I96="","",VLOOKUP(I96,Каталог!$A:$C,3,0)) | M96: =IF(I96="","",J96*L96)
A97: =IF(B97="","",12) | B97: {=IFERROR(INDEX(Заказы!$A$3:$A$29,SMALL(IF(Заказы!$F$3:$F$29>0,ROW(Заказы!$F$3:$F$29)-ROW(F$3)+1),12)),"")} | C97: =IF(B97="","",INDEX(Заказы!$F$3:$F$29,MATCH(B97,Заказы!$A$3:$A$29,0))) | D97: =IF(B97="","",VLOOKUP(B97,Каталог!$A:$C,2,0)) | E97: =IF(B97="","",VLOOKUP(B97,Каталог!$A:$C,3,0)) | F97: =IF(B97="","",C97*E97) | H97: =IF(I97="","",12) | I97: {=IFERROR(INDEX(Заказы!$A$3:$A$29,SMALL(IF(Заказы!$G$3:$G$29>0,ROW(Заказы!$G$3:$G$29)-ROW(G$3)+1),12)),"")} | J97: =IF(I97="","",INDEX(Заказы!$G$3:$G$29,MATCH(I97,Заказы!$A$3:$A$29,0))) | K97: =IF(I97="","",VLOOKUP(I97,Каталог!$A:$C,2,0)) | L97: =IF(I97="","",VLOOKUP(I97,Каталог!$A:$C,3,0)) | M97: =IF(I97="","",J97*L97)
A98: =IF(B98="","",13) | B98: {=IFERROR(INDEX(Заказы!$A$3:$A$29,SMALL(IF(Заказы!$F$3:$F$29>0,ROW(Заказы!$F$3:$F$29)-ROW(F$3)+1),13)),"")} | C98: =IF(B98="","",INDEX(Заказы!$F$3:$F$29,MATCH(B98,Заказы!$A$3:$A$29,0))) | D98: =IF(B98="","",VLOOKUP(B98,Каталог!$A:$C,2,0)) | E98: =IF(B98="","",VLOOKUP(B98,Каталог!$A:$C,3,0)) | F98: =IF(B98="","",C98*E98) | H98: =IF(I98="","",13) | I98: {=IFERROR(INDEX(Заказы!$A$3:$A$29,SMALL(IF(Заказы!$G$3:$G$29>0,ROW(Заказы!$G$3:$G$29)-ROW(G$3)+1),13)),"")} | J98: =IF(I98="","",INDEX(Заказы!$G$3:$G$29,MATCH(I98,Заказы!$A$3:$A$29,0))) | K98: =IF(I98="","",VLOOKUP(I98,Каталог!$A:$C,2,0)) | L98: =IF(I98="","",VLOOKUP(I98,Каталог!$A:$C,3,0)) | M98: =IF(I98="","",J98*L98)
A99: =IF(B99="","",14) | B99: {=IFERROR(INDEX(Заказы!$A$3:$A$29,SMALL(IF(Заказы!$F$3:$F$29>0,ROW(Заказы!$F$3:$F$29)-ROW(F$3)+1),14)),"")} | C99: =IF(B99="","",INDEX(Заказы!$F$3:$F$29,MATCH(B99,Заказы!$A$3:$A$29,0))) | D99: =IF(B99="","",VLOOKUP(B99,Каталог!$A:$C,2,0)) | E99: =IF(B99="","",VLOOKUP(B99,Каталог!$A:$C,3,0)) | F99: =IF(B99="","",C99*E99) | H99: =IF(I99="","",14) | I99: {=IFERROR(INDEX(Заказы!$A$3:$A$29,SMALL(IF(Заказы!$G$3:$G$29>0,ROW(Заказы!$G$3:$G$29)-ROW(G$3)+1),14)),"")} | J99: =IF(I99="","",INDEX(Заказы!$G$3:$G$29,MATCH(I99,Заказы!$A$3:$A$29,0))) | K99: =IF(I99="","",VLOOKUP(I99,Каталог!$A:$C,2,0)) | L99: =IF(I99="","",VLOOKUP(I99,Каталог!$A:$C,3,0)) | M99: =IF(I99="","",J99*L99)
A100: =IF(B100="","",15) | B100: {=IFERROR(INDEX(Заказы!$A$3:$A$29,SMALL(IF(Заказы!$F$3:$F$29>0,ROW(Заказы!$F$3:$F$29)-ROW(F$3)+1),15)),"")} | C100: =IF(B100="","",INDEX(Заказы!$F$3:$F$29,MATCH(B100,Заказы!$A$3:$A$29,0))) | D100: =IF(B100="","",VLOOKUP(B100,Каталог!$A:$C,2,0)) | E100: =IF(B100="","",VLOOKUP(B100,Каталог!$A:$C,3,0)) | F100: =IF(B100="","",C100*E100) | H100: =IF(I100="","",15) | I100: {=IFERROR(INDEX(Заказы!$A$3:$A$29,SMALL(IF(Заказы!$G$3:$G$29>0,ROW(Заказы!$G$3:$G$29)-ROW(G$3)+1),15)),"")} | J100: =IF(I100="","",INDEX(Заказы!$G$3:$G$29,MATCH(I100,Заказы!$A$3:$A$29,0))) | K100: =IF(I100="","",VLOOKUP(I100,Каталог!$A:$C,2,0)) | L100: =IF(I100="","",VLOOKUP(I100,Каталог!$A:$C,3,0)) | M100: =IF(I100="","",J100*L100)
A101: =IF(B101="","",16) | B101: {=IFERROR(INDEX(Заказы!$A$3:$A$29,SMALL(IF(Заказы!$F$3:$F$29>0,ROW(Заказы!$F$3:$F$29)-ROW(F$3)+1),16)),"")} | C101: =IF(B101="","",INDEX(Заказы!$F$3:$F$29,MATCH(B101,Заказы!$A$3:$A$29,0))) | D101: =IF(B101="","",VLOOKUP(B101,Каталог!$A:$C,2,0)) | E101: =IF(B101="","",VLOOKUP(B101,Каталог!$A:$C,3,0)) | F101: =IF(B101="","",C101*E101) | H101: =IF(I101="","",16) | I101: {=IFERROR(INDEX(Заказы!$A$3:$A$29,SMALL(IF(Заказы!$G$3:$G$29>0,ROW(Заказы!$G$3:$G$29)-ROW(G$3)+1),16)),"")} | J101: =IF(I101="","",INDEX(Заказы!$G$3:$G$29,MATCH(I101,Заказы!$A$3:$A$29,0))) | K101: =IF(I101="","",VLOOKUP(I101,Каталог!$A:$C,2,0)) | L101: =IF(I101="","",VLOOKUP(I101,Каталог!$A:$C,3,0)) | M101: =IF(I101="","",J101*L101)
A102: =IF(B102="","",17) | B102: {=IFERROR(INDEX(Заказы!$A$3:$A$29,SMALL(IF(Заказы!$F$3:$F$29>0,ROW(Заказы!$F$3:$F$29)-ROW(F$3)+1),17)),"")} | C102: =IF(B102="","",INDEX(Заказы!$F$3:$F$29,MATCH(B102,Заказы!$A$3:$A$29,0))) | D102: =IF(B102="","",VLOOKUP(B102,Каталог!$A:$C,2,0)) | E102: =IF(B102="","",VLOOKUP(B102,Каталог!$A:$C,3,0)) | F102: =IF(B102="","",C102*E102) | H102: =IF(I102="","",17) | I102: {=IFERROR(INDEX(Заказы!$A$3:$A$29,SMALL(IF(Заказы!$G$3:$G$29>0,ROW(Заказы!$G$3:$G$29)-ROW(G$3)+1),17)),"")} | J102: =IF(I102="","",INDEX(Заказы!$G$3:$G$29,MATCH(I102,Заказы!$A$3:$A$29,0))) | K102: =IF(I102="","",VLOOKUP(I102,Каталог!$A:$C,2,0)) | L102: =IF(I102="","",VLOOKUP(I102,Каталог!$A:$C,3,0)) | M102: =IF(I102="","",J102*L102)
A103: =IF(B103="","",18) | B103: {=IFERROR(INDEX(Заказы!$A$3:$A$29,SMALL(IF(Заказы!$F$3:$F$29>0,ROW(Заказы!$F$3:$F$29)-ROW(F$3)+1),18)),"")} | C103: =IF(B103="","",INDEX(Заказы!$F$3:$F$29,MATCH(B103,Заказы!$A$3:$A$29,0))) | D103: =IF(B103="","",VLOOKUP(B103,Каталог!$A:$C,2,0)) | E103: =IF(B103="","",VLOOKUP(B103,Каталог!$A:$C,3,0)) | F103: =IF(B103="","",C103*E103) | H103: =IF(I103="","",18) | I103: {=IFERROR(INDEX(Заказы!$A$3:$A$29,SMALL(IF(Заказы!$G$3:$G$29>0,ROW(Заказы!$G$3:$G$29)-ROW(G$3)+1),18)),"")} | J103: =IF(I103="","",INDEX(Заказы!$G$3:$G$29,MATCH(I103,Заказы!$A$3:$A$29,0))) | K103: =IF(I103="","",VLOOKUP(I103,Каталог!$A:$C,2,0)) | L103: =IF(I103="","",VLOOKUP(I103,Каталог!$A:$C,3,0)) | M103: =IF(I103="","",J103*L103)
A104: =IF(B104="","",19) | B104: {=IFERROR(INDEX(Заказы!$A$3:$A$29,SMALL(IF(Заказы!$F$3:$F$29>0,ROW(Заказы!$F$3:$F$29)-ROW(F$3)+1),19)),"")} | C104: =IF(B104="","",INDEX(Заказы!$F$3:$F$29,MATCH(B104,Заказы!$A$3:$A$29,0))) | D104: =IF(B104="","",VLOOKUP(B104,Каталог!$A:$C,2,0)) | E104: =IF(B104="","",VLOOKUP(B104,Каталог!$A:$C,3,0)) | F104: =IF(B104="","",C104*E104) | H104: =IF(I104="","",19) | I104: {=IFERROR(INDEX(Заказы!$A$3:$A$29,SMALL(IF(Заказы!$G$3:$G$29>0,ROW(Заказы!$G$3:$G$29)-ROW(G$3)+1),19)),"")} | J104: =IF(I104="","",INDEX(Заказы!$G$3:$G$29,MATCH(I104,Заказы!$A$3:$A$29,0))) | K104: =IF(I104="","",VLOOKUP(I104,Каталог!$A:$C,2,0)) | L104: =IF(I104="","",VLOOKUP(I104,Каталог!$A:$C,3,0)) | M104: =IF(I104="","",J104*L104)
A105: =IF(B105="","",20) | B105: {=IFERROR(INDEX(Заказы!$A$3:$A$29,SMALL(IF(Заказы!$F$3:$F$29>0,ROW(Заказы!$F$3:$F$29)-ROW(F$3)+1),20)),"")} | C105: =IF(B105="","",INDEX(Заказы!$F$3:$F$29,MATCH(B105,Заказы!$A$3:$A$29,0))) | D105: =IF(B105="","",VLOOKUP(B105,Каталог!$A:$C,2,0)) | E105: =IF(B105="","",VLOOKUP(B105,Каталог!$A:$C,3,0)) | F105: =IF(B105="","",C105*E105) | H105: =IF(I105="","",20) | I105: {=IFERROR(INDEX(Заказы!$A$3:$A$29,SMALL(IF(Заказы!$G$3:$G$29>0,ROW(Заказы!$G$3:$G$29)-ROW(G$3)+1),20)),"")} | J105: =IF(I105="","",INDEX(Заказы!$G$3:$G$29,MATCH(I105,Заказы!$A$3:$A$29,0))) | K105: =IF(I105="","",VLOOKUP(I105,Каталог!$A:$C,2,0)) | L105: =IF(I105="","",VLOOKUP(I105,Каталог!$A:$C,3,0)) | M105: =IF(I105="","",J105*L105)
A106: =IF(B106="","",21) | B106: {=IFERROR(INDEX(Заказы!$A$3:$A$29,SMALL(IF(Заказы!$F$3:$F$29>0,ROW(Заказы!$F$3:$F$29)-ROW(F$3)+1),21)),"")} | C106: =IF(B106="","",INDEX(Заказы!$F$3:$F$29,MATCH(B106,Заказы!$A$3:$A$29,0))) | D106: =IF(B106="","",VLOOKUP(B106,Каталог!$A:$C,2,0)) | E106: =IF(B106="","",VLOOKUP(B106,Каталог!$A:$C,3,0)) | F106: =IF(B106="","",C106*E106) | H106: =IF(I106="","",21) | I106: {=IFERROR(INDEX(Заказы!$A$3:$A$29,SMALL(IF(Заказы!$G$3:$G$29>0,ROW(Заказы!$G$3:$G$29)-ROW(G$3)+1),21)),"")} | J106: =IF(I106="","",INDEX(Заказы!$G$3:$G$29,MATCH(I106,Заказы!$A$3:$A$29,0))) | K106: =IF(I106="","",VLOOKUP(I106,Каталог!$A:$C,2,0)) | L106: =IF(I106="","",VLOOKUP(I106,Каталог!$A:$C,3,0)) | M106: =IF(I106="","",J106*L106)
A107: =IF(B107="","",22) | B107: {=IFERROR(INDEX(Заказы!$A$3:$A$29,SMALL(IF(Заказы!$F$3:$F$29>0,ROW(Заказы!$F$3:$F$29)-ROW(F$3)+1),22)),"")} | C107: =IF(B107="","",INDEX(Заказы!$F$3:$F$29,MATCH(B107,Заказы!$A$3:$A$29,0))) | D107: =IF(B107="","",VLOOKUP(B107,Каталог!$A:$C,2,0)) | E107: =IF(B107="","",VLOOKUP(B107,Каталог!$A:$C,3,0)) | F107: =IF(B107="","",C107*E107) | H107: =IF(I107="","",22) | I107: {=IFERROR(INDEX(Заказы!$A$3:$A$29,SMALL(IF(Заказы!$G$3:$G$29>0,ROW(Заказы!$G$3:$G$29)-ROW(G$3)+1),22)),"")} | J107: =IF(I107="","",INDEX(Заказы!$G$3:$G$29,MATCH(I107,Заказы!$A$3:$A$29,0))) | K107: =IF(I107="","",VLOOKUP(I107,Каталог!$A:$C,2,0)) | L107: =IF(I107="","",VLOOKUP(I107,Каталог!$A:$C,3,0)) | M107: =IF(I107="","",J107*L107)
A108: =IF(B108="","",23) | B108: {=IFERROR(INDEX(Заказы!$A$3:$A$29,SMALL(IF(Заказы!$F$3:$F$29>0,ROW(Заказы!$F$3:$F$29)-ROW(F$3)+1),23)),"")} | C108: =IF(B108="","",INDEX(Заказы!$F$3:$F$29,MATCH(B108,Заказы!$A$3:$A$29,0))) | D108: =IF(B108="","",VLOOKUP(B108,Каталог!$A:$C,2,0)) | E108: =IF(B108="","",VLOOKUP(B108,Каталог!$A:$C,3,0)) | F108: =IF(B108="","",C108*E108) | H108: =IF(I108="","",23) | I108: {=IFERROR(INDEX(Заказы!$A$3:$A$29,SMALL(IF(Заказы!$G$3:$G$29>0,ROW(Заказы!$G$3:$G$29)-ROW(G$3)+1),23)),"")} | J108: =IF(I108="","",INDEX(Заказы!$G$3:$G$29,MATCH(I108,Заказы!$A$3:$A$29,0))) | K108: =IF(I108="","",VLOOKUP(I108,Каталог!$A:$C,2,0)) | L108: =IF(I108="","",VLOOKUP(I108,Каталог!$A:$C,3,0)) | M108: =IF(I108="","",J108*L108)
A109: =IF(B109="","",24) | B109: {=IFERROR(INDEX(Заказы!$A$3:$A$29,SMALL(IF(Заказы!$F$3:$F$29>0,ROW(Заказы!$F$3:$F$29)-ROW(F$3)+1),24)),"")} | C109: =IF(B109="","",INDEX(Заказы!$F$3:$F$29,MATCH(B109,Заказы!$A$3:$A$29,0))) | D109: =IF(B109="","",VLOOKUP(B109,Каталог!$A:$C,2,0)) | E109: =IF(B109="","",VLOOKUP(B109,Каталог!$A:$C,3,0)) | F109: =IF(B109="","",C109*E109) | H109: =IF(I109="","",24) | I109: {=IFERROR(INDEX(Заказы!$A$3:$A$29,SMALL(IF(Заказы!$G$3:$G$29>0,ROW(Заказы!$G$3:$G$29)-ROW(G$3)+1),24)),"")} | J109: =IF(I109="","",INDEX(Заказы!$G$3:$G$29,MATCH(I109,Заказы!$A$3:$A$29,0))) | K109: =IF(I109="","",VLOOKUP(I109,Каталог!$A:$C,2,0)) | L109: =IF(I109="","",VLOOKUP(I109,Каталог!$A:$C,3,0)) | M109: =IF(I109="","",J109*L109)
A110: =IF(B110="","",25) | B110: {=IFERROR(INDEX(Заказы!$A$3:$A$29,SMALL(IF(Заказы!$F$3:$F$29>0,ROW(Заказы!$F$3:$F$29)-ROW(F$3)+1),25)),"")} | C110: =IF(B110="","",INDEX(Заказы!$F$3:$F$29,MATCH(B110,Заказы!$A$3:$A$29,0))) | D110: =IF(B110="","",VLOOKUP(B110,Каталог!$A:$C,2,0)) | E110: =IF(B110="","",VLOOKUP(B110,Каталог!$A:$C,3,0)) | F110: =IF(B110="","",C110*E110) | H110: =IF(I110="","",25) | I110: {=IFERROR(INDEX(Заказы!$A$3:$A$29,SMALL(IF(Заказы!$G$3:$G$29>0,ROW(Заказы!$G$3:$G$29)-ROW(G$3)+1),25)),"")} | J110: =IF(I110="","",INDEX(Заказы!$G$3:$G$29,MATCH(I110,Заказы!$A$3:$A$29,0))) | K110: =IF(I110="","",VLOOKUP(I110,Каталог!$A:$C,2,0)) | L110: =IF(I110="","",VLOOKUP(I110,Каталог!$A:$C,3,0)) | M110: =IF(I110="","",J110*L110)
...
